#
# There is insufficient memory for the Java Runtime Environment to continue.
# Native memory allocation (mmap) failed to map 65536 bytes. Error detail: Failed to commit metaspace.
# Possible reasons:
#   The system is out of physical RAM or swap space
#   This process is running with CompressedOops enabled, and the Java Heap may be blocking the growth of the native heap
# Possible solutions:
#   Reduce memory load on the system
#   Increase physical memory or swap space
#   Check if swap backing store is full
#   Decrease Java heap size (-Xmx/-Xms)
#   Decrease number of Java threads
#   Decrease Java thread stack sizes (-Xss)
#   Set larger code cache with -XX:ReservedCodeCacheSize=
#   JVM is running with Unscaled Compressed Oops mode in which the Java heap is
#     placed in the first 4GB address space. The Java Heap base address is the
#     maximum limit for the native heap growth. Please use -XX:HeapBaseMinAddress
#     to set the Java Heap base and to place the Java Heap above 4GB virtual address.
# This output file may be truncated or incomplete.
#
#  Out of Memory Error (virtualSpaceNode.cpp:113), pid=22344, tid=23068
#
# JRE version: OpenJDK Runtime Environment Temurin-21.0.10+7 (21.0.10+7) (build 21.0.10+7-LTS)
# Java VM: OpenJDK 64-Bit Server VM Temurin-21.0.10+7 (21.0.10+7-LTS, mixed mode, sharing, tiered, compressed oops, compressed class ptrs, parallel gc, windows-amd64)
# No core dump will be written. Minidumps are not enabled by default on client versions of Windows
#

---------------  S U M M A R Y ------------

Command Line: --add-modules=ALL-SYSTEM --add-opens=java.base/java.util=ALL-UNNAMED --add-opens=java.base/java.lang=ALL-UNNAMED --add-opens=java.base/sun.nio.fs=ALL-UNNAMED -Declipse.application=org.eclipse.jdt.ls.core.id1 -Dosgi.bundles.defaultStartLevel=4 -Declipse.product=org.eclipse.jdt.ls.core.product -Djava.import.generatesMetadataFilesAtProjectRoot=false -DDetectVMInstallationsJob.disabled=true -Dfile.encoding=utf8 -XX:+UseParallelGC -XX:GCTimeRatio=4 -XX:AdaptiveSizePolicyWeight=90 -Dsun.zip.disableMemoryMapping=true -Xmx2G -Xms100m -Xlog:disable -javaagent:c:\Users\Admin\.antigravity\extensions\redhat.java-1.54.0-win32-x64\lombok\lombok-1.18.39-4050.jar -XX:+HeapDumpOnOutOfMemoryError -XX:HeapDumpPath=c:\Users\Admin\AppData\Roaming\Antigravity\User\workspaceStorage\458aae83574d7037a556d7725c321ec6\redhat.java -Daether.dependencyCollector.impl=bf c:\Users\Admin\.antigravity\extensions\redhat.java-1.54.0-win32-x64\server\plugins\org.eclipse.equinox.launcher_1.7.100.v20251111-0406.jar -configuration c:\Users\Admin\AppData\Roaming\Antigravity\User\globalStorage\redhat.java\1.54.0\config_win -data c:\Users\Admin\AppData\Roaming\Antigravity\User\workspaceStorage\458aae83574d7037a556d7725c321ec6\redhat.java\jdt_ws --pipe=\\.\pipe\lsp-b73e86d9e3f15ca1c0e020fa7e9331c7-sock

Host: AMD Ryzen 5 5600H with Radeon Graphics         , 12 cores, 15G,  Windows 11 , 64 bit Build 22621 (10.0.22621.5415)
Time: Tue May 26 13:51:09 2026 SE Asia Standard Time elapsed time: 7.097933 seconds (0d 0h 0m 7s)

---------------  T H R E A D  ---------------

Current thread (0x0000024ae9cdd340):  JavaThread "main"             [_thread_in_vm, id=23068, stack(0x000000ff56500000,0x000000ff56600000) (1024K)]

Stack: [0x000000ff56500000,0x000000ff56600000]
Native frames: (J=compiled Java code, j=interpreted, Vv=VM code, C=native code)
V  [jvm.dll+0x6d7a39]
V  [jvm.dll+0x8b4b26]
V  [jvm.dll+0x8b70de]
V  [jvm.dll+0x8b77c3]
V  [jvm.dll+0x284346]
V  [jvm.dll+0x8b086e]
V  [jvm.dll+0x679444]
V  [jvm.dll+0x1e82bb]
V  [jvm.dll+0x1e807e]
V  [jvm.dll+0x67bd42]
V  [jvm.dll+0x67bb72]
V  [jvm.dll+0x679e1e]
V  [jvm.dll+0x26f614]
V  [jvm.dll+0x219f3f]
V  [jvm.dll+0x20f62e]
V  [jvm.dll+0x5b644f]
V  [jvm.dll+0x82ead6]
V  [jvm.dll+0x478db8]
V  [jvm.dll+0x47ebe8]
C  [java.dll+0x17ec]

Java frames: (J=compiled Java code, j=interpreted, Vv=VM code)
J 1126  java.lang.ClassLoader.defineClass1(Ljava/lang/ClassLoader;Ljava/lang/String;[BIILjava/security/ProtectionDomain;Ljava/lang/String;)Ljava/lang/Class; java.base@21.0.10 (0 bytes) @ 0x0000024af4a21291 [0x0000024af4a211c0+0x00000000000000d1]
J 1899 c1 java.lang.ClassLoader.defineClass(Ljava/lang/String;[BIILjava/security/ProtectionDomain;)Ljava/lang/Class; java.base@21.0.10 (43 bytes) @ 0x0000024aed240f7c [0x0000024aed240c20+0x000000000000035c]
J 3021 c1 org.eclipse.osgi.internal.loader.ModuleClassLoader.defineClass(Ljava/lang/String;[BLorg/eclipse/osgi/internal/loader/classpath/ClasspathEntry;)Lorg/eclipse/osgi/internal/loader/ModuleClassLoader$DefineClassResult; (67 bytes) @ 0x0000024aed4d953c [0x0000024aed4d9220+0x000000000000031c]
J 2877 c1 org.eclipse.osgi.internal.loader.classpath.ClasspathManager.defineClass(Ljava/lang/String;[BLorg/eclipse/osgi/internal/loader/classpath/ClasspathEntry;Lorg/eclipse/osgi/storage/bundlefile/BundleEntry;Ljava/util/List;)Ljava/lang/Class; (636 bytes) @ 0x0000024aed47c064 [0x0000024aed47a5c0+0x0000000000001aa4]
J 2541 c1 org.eclipse.osgi.internal.loader.classpath.ClasspathManager.findClassImpl(Ljava/lang/String;Lorg/eclipse/osgi/internal/loader/classpath/ClasspathEntry;Ljava/util/List;)Ljava/lang/Class; (328 bytes) @ 0x0000024aed3c3cac [0x0000024aed3c0920+0x000000000000338c]
J 2540 c1 org.eclipse.osgi.internal.loader.classpath.ClasspathManager.findLocalClassImpl(Ljava/lang/String;[Lorg/eclipse/osgi/internal/loader/classpath/ClasspathEntry;Ljava/util/List;)Ljava/lang/Class; (55 bytes) @ 0x0000024aed3bf164 [0x0000024aed3befe0+0x0000000000000184]
J 2656 c1 org.eclipse.osgi.internal.loader.classpath.ClasspathManager.findLocalClassImpl(Ljava/lang/String;Ljava/util/List;)Ljava/lang/Class; (132 bytes) @ 0x0000024aed3f7114 [0x0000024aed3f6be0+0x0000000000000534]
J 2815 c1 org.eclipse.osgi.internal.loader.classpath.ClasspathManager.findLocalClass(Ljava/lang/String;)Ljava/lang/Class; (210 bytes) @ 0x0000024aed453ca4 [0x0000024aed452fe0+0x0000000000000cc4]
J 2536 c1 org.eclipse.osgi.internal.loader.BundleLoader.findLocalClass(Ljava/lang/String;)Ljava/lang/Class; (159 bytes) @ 0x0000024aed3b69cc [0x0000024aed3b5de0+0x0000000000000bec]
J 4955 c1 org.eclipse.osgi.internal.loader.BundleLoader.findClass0(Ljava/lang/String;ZZ)Ljava/lang/Class; (490 bytes) @ 0x0000024aed921514 [0x0000024aed91e4a0+0x0000000000003074]
J 2495 c1 org.eclipse.osgi.internal.loader.BundleLoader.findClass(Ljava/lang/String;)Ljava/lang/Class; (8 bytes) @ 0x0000024aed39aa4c [0x0000024aed39a9c0+0x000000000000008c]
J 2499 c1 org.eclipse.osgi.internal.loader.ModuleClassLoader.loadClass(Ljava/lang/String;Z)Ljava/lang/Class; (36 bytes) @ 0x0000024aed3a1bcc [0x0000024aed3a19a0+0x000000000000022c]
J 4122 c2 java.lang.ClassLoader.loadClass(Ljava/lang/String;)Ljava/lang/Class; java.base@21.0.10 (7 bytes) @ 0x0000024af4b8ff6c [0x0000024af4b8ff20+0x000000000000004c]
v  ~StubRoutines::call_stub 0x0000024af441100d
j  org.eclipse.lsp4j.jsonrpc.Launcher$Builder.createRemoteEndpoint(Lorg/eclipse/lsp4j/jsonrpc/json/MessageJsonHandler;)Lorg/eclipse/lsp4j/jsonrpc/RemoteEndpoint;+34
j  org.eclipse.lsp4j.jsonrpc.Launcher$Builder.create()Lorg/eclipse/lsp4j/jsonrpc/Launcher;+90
j  org.eclipse.lsp4j.jsonrpc.Launcher.createIoLauncher(Ljava/lang/Object;Ljava/lang/Class;Ljava/io/InputStream;Ljava/io/OutputStream;Ljava/util/concurrent/ExecutorService;Ljava/util/function/Function;)Lorg/eclipse/lsp4j/jsonrpc/Launcher;+33
j  org.eclipse.lsp4j.jsonrpc.Launcher.createLauncher(Ljava/lang/Object;Ljava/lang/Class;Ljava/io/InputStream;Ljava/io/OutputStream;Ljava/util/concurrent/ExecutorService;Ljava/util/function/Function;)Lorg/eclipse/lsp4j/jsonrpc/Launcher;+8
j  org.eclipse.jdt.ls.core.internal.JavaLanguageServerPlugin.startConnection()V+289
j  org.eclipse.jdt.ls.core.internal.JavaLanguageServerPlugin.startLanguageServer(Lorg/eclipse/jdt/ls/core/internal/LanguageServerApplication;)V+16
j  org.eclipse.jdt.ls.core.internal.LanguageServerApplication.start(Lorg/eclipse/equinox/app/IApplicationContext;)Ljava/lang/Object;+5
j  org.eclipse.equinox.internal.app.EclipseAppHandle.run(Ljava/lang/Object;)Ljava/lang/Object;+138
j  org.eclipse.core.runtime.internal.adaptor.EclipseAppLauncher.runApplication(Ljava/lang/Object;)Ljava/lang/Object;+85
j  org.eclipse.core.runtime.internal.adaptor.EclipseAppLauncher.start(Ljava/lang/Object;)Ljava/lang/Object;+79
j  org.eclipse.core.runtime.adaptor.EclipseStarter.run(Ljava/lang/Object;)Ljava/lang/Object;+99
j  org.eclipse.core.runtime.adaptor.EclipseStarter.run([Ljava/lang/String;Ljava/lang/Runnable;)Ljava/lang/Object;+132
j  java.lang.invoke.DirectMethodHandle$Holder.invokeStatic(Ljava/lang/Object;Ljava/lang/Object;Ljava/lang/Object;)Ljava/lang/Object;+11 java.base@21.0.10
j  java.lang.invoke.LambdaForm$MH+0x0000024a8508a800.invoke(Ljava/lang/Object;Ljava/lang/Object;Ljava/lang/Object;Ljava/lang/Object;)Ljava/lang/Object;+54 java.base@21.0.10
j  java.lang.invoke.LambdaForm$MH+0x0000024a85002c00.invokeExact_MT(Ljava/lang/Object;Ljava/lang/Object;Ljava/lang/Object;Ljava/lang/Object;Ljava/lang/Object;)Ljava/lang/Object;+22 java.base@21.0.10
j  jdk.internal.reflect.DirectMethodHandleAccessor.invokeImpl(Ljava/lang/Object;[Ljava/lang/Object;)Ljava/lang/Object;+72 java.base@21.0.10
j  jdk.internal.reflect.DirectMethodHandleAccessor.invoke(Ljava/lang/Object;[Ljava/lang/Object;)Ljava/lang/Object;+23 java.base@21.0.10
j  java.lang.reflect.Method.invoke(Ljava/lang/Object;[Ljava/lang/Object;)Ljava/lang/Object;+102 java.base@21.0.10
j  org.eclipse.equinox.launcher.Main.invokeFramework([Ljava/lang/String;[Ljava/net/URL;)V+155
j  org.eclipse.equinox.launcher.Main.basicRun([Ljava/lang/String;)V+191
j  org.eclipse.equinox.launcher.Main.run([Ljava/lang/String;)I+4
j  org.eclipse.equinox.launcher.Main.main([Ljava/lang/String;)V+10
v  ~StubRoutines::call_stub 0x0000024af441100d

Compiled method (n/a) 7126 1126     n 0       java.lang.ClassLoader::defineClass1 (native)
 total in heap  [0x0000024af4a21010,0x0000024af4a21498] = 1160
 relocation     [0x0000024af4a21170,0x0000024af4a211a8] = 56
 main code      [0x0000024af4a211c0,0x0000024af4a21496] = 726
 stub code      [0x0000024af4a21496,0x0000024af4a21498] = 2

[Constant Pool (empty)]

[MachCode]
[Entry Point]
  # {method} {0x0000024a84434f58} 'defineClass1' '(Ljava/lang/ClassLoader;Ljava/lang/String;[BIILjava/security/ProtectionDomain;Ljava/lang/String;)Ljava/lang/Class;' in 'java/lang/ClassLoader'
  # parm0:    rdx:rdx   = 'java/lang/ClassLoader'
  # parm1:    r8:r8     = 'java/lang/String'
  # parm2:    r9:r9     = '[B'
  # parm3:    rdi       = int
  # parm4:    rsi       = int
  # parm5:    rcx:rcx   = 'java/security/ProtectionDomain'
  # parm6:    [sp+0xa0]   = 'java/lang/String'  (sp of caller)
  0x0000024af4a211c0: 448b 5208 | 49bb 0000 | 0084 4a02 | 0000 4d03 | d349 3bc2 | 0f84 0600 

  0x0000024af4a211d8: ;   {runtime_call ic_miss_stub}
  0x0000024af4a211d8: 0000 e9a1 | d2a3 ff90 
[Verified Entry Point]
  0x0000024af4a211e0: 8984 2400 | 80ff ff55 | 488b ec48 | 81ec 9000 | 0000 6690 | 4181 7f20 | 0300 0000 

  0x0000024af4a211fc: ;   {runtime_call StubRoutines (final stubs)}
  0x0000024af4a211fc: 7405 e8dd | 77a2 ff48 | 837d 1000 | 488d 4510 | 480f 4445 | 1048 8944 | 2440 4889 | 4c24 7048 
  0x0000024af4a2121c: 83f9 0048 | 8d44 2470 | 480f 4444 | 2470 4889 | 4424 3848 | 8974 2430 | 4889 7c24 | 284c 894c 
  0x0000024af4a2123c: 2458 4983 | f900 488d | 4424 5848 | 0f44 4424 | 5848 8944 | 2420 4c89 | 4424 5049 | 83f8 004c 
  0x0000024af4a2125c: 8d4c 2450 | 4c0f 444c | 2450 4889 | 5424 4848 | 83fa 004c | 8d44 2448 | 4c0f 4444 

  0x0000024af4a21278: ;   {oop(a 'java/lang/Class'{0x0000000080000a80} = 'java/lang/ClassLoader')}
  0x0000024af4a21278: 2448 49be | 800a 0080 | 0000 0000 | 4c89 7424 | 784c 8d74 | 2478 498b | d6c5 f877 

  0x0000024af4a21294: ;   {internal_word}
  0x0000024af4a21294: 49ba 9112 | a2f4 4a02 | 0000 4d89 | 97a8 0300 | 0049 89a7 | a003 0000 

  0x0000024af4a212ac: ;   {external_word}
  0x0000024af4a212ac: 49ba c65c | e1ed f87f | 0000 4180 | 3a00 0f84 | 4e00 0000 | 5241 5041 

  0x0000024af4a212c4: ;   {metadata({method} {0x0000024a84434f58} 'defineClass1' '(Ljava/lang/ClassLoader;Ljava/lang/String;[BIILjava/security/ProtectionDomain;Ljava/lang/String;)Ljava/lang/Class;' in 'java/lang/ClassLoader')}
  0x0000024af4a212c4: 5148 ba50 | 4f43 844a | 0200 0049 | 8bcf 4883 | ec20 40f6 | c40f 0f84 | 1900 0000 | 4883 ec08 
  0x0000024af4a212e4: ;   {runtime_call}
  0x0000024af4a212e4: 48b8 50e1 | 8aed f87f | 0000 ffd0 | 4883 c408 | e90c 0000 

  0x0000024af4a212f8: ;   {runtime_call}
  0x0000024af4a212f8: 0048 b850 | e18a edf8 | 7f00 00ff | d048 83c4 | 2041 5941 | 585a 498d | 8fc0 0300 | 0041 c787 
  0x0000024af4a21318: 4c04 0000 | 0400 0000 

  0x0000024af4a21320: ;   {runtime_call}
  0x0000024af4a21320: 48b8 ac16 | 4a0e f97f | 0000 ffd0 | c5f8 7741 | c787 4c04 | 0000 0500 | 0000 f083 | 4424 c000 
  0x0000024af4a21340: 493b af50 | 0400 000f | 870e 0000 | 0041 83bf | 4804 0000 | 000f 842b | 0000 00c5 | f877 4889 
  0x0000024af4a21360: 45f8 498b | cf4c 8be4 | 4883 ec20 | 4883 e4f0 

  0x0000024af4a21370: ;   {runtime_call}
  0x0000024af4a21370: 48b8 d052 | 56ed f87f | 0000 ffd0 | 498b e44d | 33e4 488b | 45f8 41c7 | 874c 0400 | 0008 0000 
  0x0000024af4a21390: 0041 83bf | c804 0000 | 020f 84ca 

  0x0000024af4a2139c: ;   {external_word}
  0x0000024af4a2139c: 0000 0049 | bac6 5ce1 | edf8 7f00 | 0041 803a | 000f 844c | 0000 0048 

  0x0000024af4a213b4: ;   {metadata({method} {0x0000024a84434f58} 'defineClass1' '(Ljava/lang/ClassLoader;Ljava/lang/String;[BIILjava/security/ProtectionDomain;Ljava/lang/String;)Ljava/lang/Class;' in 'java/lang/ClassLoader')}
  0x0000024af4a213b4: 8945 f848 | ba50 4f43 | 844a 0200 | 0049 8bcf | 4883 ec20 | 40f6 c40f | 0f84 1900 | 0000 4883 
  0x0000024af4a213d4: ;   {runtime_call}
  0x0000024af4a213d4: ec08 48b8 | 50e1 8aed | f87f 0000 | ffd0 4883 | c408 e90c 

  0x0000024af4a213e8: ;   {runtime_call}
  0x0000024af4a213e8: 0000 0048 | b850 e18a | edf8 7f00 | 00ff d048 | 83c4 2048 | 8b45 f849 | c787 a003 | 0000 0000 
  0x0000024af4a21408: 0000 49c7 | 87a8 0300 | 0000 0000 | 00c5 f877 | 4885 c00f | 8425 0000 | 00a8 030f | 8508 0000 
  0x0000024af4a21428: 0048 8b00 | e915 0000 | 00a8 010f | 8509 0000 | 0048 8b40 | fee9 0400 | 0000 488b | 40ff 498b 
  0x0000024af4a21448: 8f30 0400 | 00c7 8100 | 0100 0000 | 0000 00c9 | 4983 7f08 | 000f 8501 | 0000 00c3 

  0x0000024af4a21464: ;   {runtime_call StubRoutines (initial stubs)}
  0x0000024af4a21464: e997 fa9e | ffc5 f877 | 4889 45f8 | 4c8b e448 | 83ec 2048 

  0x0000024af4a21478: ;   {runtime_call}
  0x0000024af4a21478: 83e4 f048 | b8a0 188b | edf8 7f00 | 00ff d049 | 8be4 4d33 | e448 8b45 | f8e9 09ff | ffff f4f4 
[/MachCode]


Compiled method (c1) 7131 1899       3       java.lang.ClassLoader::defineClass (43 bytes)
 total in heap  [0x0000024aed240a10,0x0000024aed241370] = 2400
 relocation     [0x0000024aed240b70,0x0000024aed240c10] = 160
 main code      [0x0000024aed240c20,0x0000024aed2410c0] = 1184
 stub code      [0x0000024aed2410c0,0x0000024aed241138] = 120
 metadata       [0x0000024aed241138,0x0000024aed241168] = 48
 scopes data    [0x0000024aed241168,0x0000024aed241258] = 240
 scopes pcs     [0x0000024aed241258,0x0000024aed241338] = 224
 dependencies   [0x0000024aed241338,0x0000024aed241348] = 16
 nul chk table  [0x0000024aed241348,0x0000024aed241370] = 40

[Constant Pool (empty)]

[MachCode]
[Entry Point]
  # {method} {0x0000024a844352d8} 'defineClass' '(Ljava/lang/String;[BIILjava/security/ProtectionDomain;)Ljava/lang/Class;' in 'java/lang/ClassLoader'
  # this:     rdx:rdx   = 'java/lang/ClassLoader'
  # parm0:    r8:r8     = 'java/lang/String'
  # parm1:    r9:r9     = '[B'
  # parm2:    rdi       = int
  # parm3:    rsi       = int
  # parm4:    rcx:rcx   = 'java/security/ProtectionDomain'
  #           [sp+0xc0]  (sp of caller)
  0x0000024aed240c20: 448b 5208 | 49bb 0000 | 0084 4a02 | 0000 4d03 | d34c 3bd0 

  0x0000024aed240c34: ;   {runtime_call ic_miss_stub}
  0x0000024aed240c34: 0f85 46d8 | 2107 660f | 1f44 0000 
[Verified Entry Point]
  0x0000024aed240c40: 8984 2400 | 80ff ff55 | 4881 ecb0 | 0000 0090 | 4181 7f20 | 0300 0000 

  0x0000024aed240c58: ;   {runtime_call StubRoutines (final stubs)}
  0x0000024aed240c58: 7405 e881 | 7d20 0748 | 8954 2478 

  0x0000024aed240c64: ;   {metadata(method data for {method} {0x0000024a844352d8} 'defineClass' '(Ljava/lang/String;[BIILjava/security/ProtectionDomain;)Ljava/lang/Class;' in 'java/lang/ClassLoader')}
  0x0000024aed240c64: 48bb e8ae | 36c5 4a02 | 0000 8b83 | cc00 0000 | 83c0 0289 | 83cc 0000 | 0025 fe07 | 0000 85c0 
  0x0000024aed240c84: 0f84 5803 | 0000 89b4 | 2494 0000 | 0089 bc24 | 9000 0000 | 4c89 8c24 | 8800 0000 

  0x0000024aed240ca0: ;   {metadata(method data for {method} {0x0000024a844352d8} 'defineClass' '(Ljava/lang/String;[BIILjava/security/ProtectionDomain;)Ljava/lang/Class;' in 'java/lang/ClassLoader')}
  0x0000024aed240ca0: 488b da48 | b8e8 ae36 | c54a 0200 | 0048 8380 | 1001 0000 | 0149 8bd8 | 4c8b c34c | 8bc9 488b 
  0x0000024aed240cc0: ca48 8bd1 | 4889 9c24 | 8000 0000 

  0x0000024aed240ccc: ;   {optimized virtual_call}
  0x0000024aed240ccc: 6666 90e8 

  0x0000024aed240cd0: ; ImmutableOopMap {[120]=Oop [128]=Oop [136]=Oop }
                      ;*invokevirtual preDefineClass {reexecute=0 rethrow=0 return_oop=0}
                      ; - java.lang.ClassLoader::defineClass@4
  0x0000024aed240cd0: 4c60 edff 

  0x0000024aed240cd4: ;   {other}
  0x0000024aed240cd4: 0f1f 8400 | c402 0000 | 4889 8424 | 9800 0000 | 488b 5424 

  0x0000024aed240ce8: ;   {metadata(method data for {method} {0x0000024a844352d8} 'defineClass' '(Ljava/lang/String;[BIILjava/security/ProtectionDomain;)Ljava/lang/Class;' in 'java/lang/ClassLoader')}
  0x0000024aed240ce8: 7849 b8e8 | ae36 c54a | 0200 0049 | 8380 4801 

  0x0000024aed240cf8: ;   {metadata(method data for {method} {0x0000024a84434fc0} 'defineClassSourceLocation' '(Ljava/security/ProtectionDomain;)Ljava/lang/String;' in 'java/lang/ClassLoader')}
  0x0000024aed240cf8: 0000 0149 | b800 b636 | c54a 0200 | 0041 8b90 | cc00 0000 | 83c2 0241 | 8990 cc00 | 0000 81e2 
  0x0000024aed240d18: feff 1f00 | 85d2 0f84 | df02 0000 

  0x0000024aed240d24: ; implicit exception: dispatches to 0x0000024aed241024
  0x0000024aed240d24: 483b 004c 

  0x0000024aed240d28: ;   {metadata(method data for {method} {0x0000024a84434fc0} 'defineClassSourceLocation' '(Ljava/security/ProtectionDomain;)Ljava/lang/String;' in 'java/lang/ClassLoader')}
  0x0000024aed240d28: 8bc0 48ba | 00b6 36c5 | 4a02 0000 | 4883 8210 | 0100 0001 | 448b 4010 

  0x0000024aed240d40: ;   {metadata(method data for {method} {0x0000024a84434fc0} 'defineClassSourceLocation' '(Ljava/security/ProtectionDomain;)Ljava/lang/String;' in 'java/lang/ClassLoader')}
  0x0000024aed240d40: 4d85 c048 | ba00 b636 | c54a 0200 | 0048 c7c6 | 5801 0000 | 7507 48c7 | c648 0100 | 0048 8b3c 
  0x0000024aed240d60: 3248 8d7f | 0148 893c | 320f 850f 

  0x0000024aed240d6c: ;   {oop(nullptr)}
  0x0000024aed240d6c: 0000 0048 | bb00 0000 | 0000 0000 | 00e9 a901 | 0000 493b | 0049 8bd0 

  0x0000024aed240d84: ;   {metadata(method data for {method} {0x0000024a84434fc0} 'defineClassSourceLocation' '(Ljava/security/ProtectionDomain;)Ljava/lang/String;' in 'java/lang/ClassLoader')}
  0x0000024aed240d84: 48be 00b6 | 36c5 4a02 | 0000 4883 | 8668 0100 | 0001 418b | 500c 4885 

  0x0000024aed240d9c: ;   {metadata(method data for {method} {0x0000024a84434fc0} 'defineClassSourceLocation' '(Ljava/security/ProtectionDomain;)Ljava/lang/String;' in 'java/lang/ClassLoader')}
  0x0000024aed240d9c: d248 be00 | b636 c54a | 0200 0048 | c7c7 b001 | 0000 7507 | 48c7 c7a0 | 0100 0048 | 8b1c 3e48 
  0x0000024aed240dbc: 8d5b 0148 | 891c 3e0f | 850f 0000 

  0x0000024aed240dc8: ;   {oop(nullptr)}
  0x0000024aed240dc8: 0048 bb00 | 0000 0000 | 0000 00e9 | 4f01 0000 

  0x0000024aed240dd8: ;   {metadata(method data for {method} {0x0000024a84434fc0} 'defineClassSourceLocation' '(Ljava/security/ProtectionDomain;)Ljava/lang/String;' in 'java/lang/ClassLoader')}
  0x0000024aed240dd8: 48be 00b6 | 36c5 4a02 | 0000 4883 | 86c0 0100 | 0001 483b | 024c 8bc2 

  0x0000024aed240df0: ;   {metadata(method data for {method} {0x0000024a84434fc0} 'defineClassSourceLocation' '(Ljava/security/ProtectionDomain;)Ljava/lang/String;' in 'java/lang/ClassLoader')}
  0x0000024aed240df0: 48be 00b6 | 36c5 4a02 | 0000 4883 | 86f8 0100 

  0x0000024aed240e00: ;   {metadata(method data for {method} {0x0000024a8401abf0} 'toString' '()Ljava/lang/String;' in 'java/net/URL')}
  0x0000024aed240e00: 0001 49b8 | d0a9 36c5 | 4a02 0000 | 418b b0cc | 0000 0083 | c602 4189 | b0cc 0000 | 0081 e6fe 
  0x0000024aed240e20: ff1f 0085 | f60f 8408 | 0200 004c 

  0x0000024aed240e2c: ;   {metadata(method data for {method} {0x0000024a8401abf0} 'toString' '()Ljava/lang/String;' in 'java/net/URL')}
  0x0000024aed240e2c: 8bc2 48be | d0a9 36c5 | 4a02 0000 | 4883 8610 | 0100 0001 

  0x0000024aed240e40: ;   {metadata(method data for {method} {0x0000024a84428b60} 'toExternalForm' '()Ljava/lang/String;' in 'java/net/URL')}
  0x0000024aed240e40: 49b8 0846 | 36c5 4a02 | 0000 418b | b0cc 0000 | 0083 c602 | 4189 b0cc | 0000 0081 | e6fe ff1f 
  0x0000024aed240e60: 0085 f60f | 84eb 0100 | 008b 7238 

  0x0000024aed240e6c: ; implicit exception: dispatches to 0x0000024aed241075
  0x0000024aed240e6c: 483b 064c 

  0x0000024aed240e70: ;   {metadata(method data for {method} {0x0000024a84428b60} 'toExternalForm' '()Ljava/lang/String;' in 'java/net/URL')}
  0x0000024aed240e70: 8bc6 48bf | 0846 36c5 | 4a02 0000 | 458b 4008 | 49ba 0000 | 0084 4a02 | 0000 4d03 | c24c 3b87 
  0x0000024aed240e90: 2001 0000 | 750d 4883 | 8728 0100 | 0001 e960 | 0000 004c | 3b87 3001 | 0000 750d | 4883 8738 
  0x0000024aed240eb0: 0100 0001 | e94a 0000 | 0048 83bf | 2001 0000 | 0075 174c | 8987 2001 | 0000 48c7 | 8728 0100 
  0x0000024aed240ed0: 0001 0000 | 00e9 2900 | 0000 4883 | bf30 0100 | 0000 7517 | 4c89 8730 | 0100 0048 | c787 3801 
  0x0000024aed240ef0: 0000 0100 | 0000 e908 | 0000 0048 | 8387 1001 | 0000 014c | 8bc2 488b | d60f 1f40 | 0048 b8ff 
  0x0000024aed240f10: ffff ffff 

  0x0000024aed240f14: ;   {virtual_call}
  0x0000024aed240f14: ffff ffe8 

  0x0000024aed240f18: ; ImmutableOopMap {[120]=Oop [128]=Oop [136]=Oop [152]=Oop }
                      ;*invokevirtual toExternalForm {reexecute=0 rethrow=0 return_oop=0}
                      ; - java.net.URL::toExternalForm@5
                      ; - java.net.URL::toString@1
                      ; - java.lang.ClassLoader::defineClassSourceLocation@22
                      ; - java.lang.ClassLoader::defineClass@12
  0x0000024aed240f18: 047b 2d07 

  0x0000024aed240f1c: ;   {other}
  0x0000024aed240f1c: 0f1f 8400 | 0c05 0001 | 488b d848 | 8b84 2498 | 0000 008b | b424 9400 | 0000 8bbc | 2490 0000 
  0x0000024aed240f3c: 004c 8b8c | 2488 0000 | 004c 8b84 | 2480 0000 | 0048 8b54 

  0x0000024aed240f50: ;   {metadata(method data for {method} {0x0000024a844352d8} 'defineClass' '(Ljava/lang/String;[BIILjava/security/ProtectionDomain;)Ljava/lang/Class;' in 'java/lang/ClassLoader')}
  0x0000024aed240f50: 2478 48b9 | e8ae 36c5 | 4a02 0000 | 4883 8180 | 0100 0001 | 4c8b da49 | 8bd3 488b | c848 891c 
  0x0000024aed240f70: 2466 0f1f 

  0x0000024aed240f74: ;   {static_call}
  0x0000024aed240f74: 4400 00e8 

  0x0000024aed240f78: ; ImmutableOopMap {[120]=Oop [152]=Oop }
                      ;*invokestatic defineClass1 {reexecute=0 rethrow=0 return_oop=0}
                      ; - java.lang.ClassLoader::defineClass@27
  0x0000024aed240f78: 6402 7e07 

  0x0000024aed240f7c: ;   {other}
  0x0000024aed240f7c: 0f1f 8400 | 6c05 0002 | 488b 5424 

  0x0000024aed240f88: ;   {metadata(method data for {method} {0x0000024a844352d8} 'defineClass' '(Ljava/lang/String;[BIILjava/security/ProtectionDomain;)Ljava/lang/Class;' in 'java/lang/ClassLoader')}
  0x0000024aed240f88: 7849 b8e8 | ae36 c54a | 0200 0049 | 8380 9001 | 0000 014c | 8bc0 4c8b | 8c24 9800 | 0000 488b 
  0x0000024aed240fa8: 5424 7848 | 8984 24a0 | 0000 000f 

  0x0000024aed240fb4: ;   {optimized virtual_call}
  0x0000024aed240fb4: 1f40 00e8 

  0x0000024aed240fb8: ; ImmutableOopMap {[160]=Oop }
                      ;*invokevirtual postDefineClass {reexecute=0 rethrow=0 return_oop=0}
                      ; - java.lang.ClassLoader::defineClass@37
  0x0000024aed240fb8: 6442 f7ff 

  0x0000024aed240fbc: ;   {other}
  0x0000024aed240fbc: 0f1f 8400 | ac05 0003 | 488b 8424 | a000 0000 | 4881 c4b0 | 0000 005d 

  0x0000024aed240fd4: ;   {poll_return}
  0x0000024aed240fd4: 493b a750 | 0400 000f | 8799 0000 

  0x0000024aed240fe0: ;   {metadata({method} {0x0000024a844352d8} 'defineClass' '(Ljava/lang/String;[BIILjava/security/ProtectionDomain;)Ljava/lang/Class;' in 'java/lang/ClassLoader')}
  0x0000024aed240fe0: 00c3 49ba | d052 4384 | 4a02 0000 | 4c89 5424 | 0848 c704 | 24ff ffff 

  0x0000024aed240ff8: ;   {runtime_call counter_overflow Runtime1 stub}
  0x0000024aed240ff8: ffe8 0212 

  0x0000024aed240ffc: ; ImmutableOopMap {rdx=Oop r8=Oop r9=Oop rcx=Oop [120]=Oop }
                      ;*synchronization entry
                      ; - java.lang.ClassLoader::defineClass@-1
  0x0000024aed240ffc: 2d07 e987 

  0x0000024aed241000: ;   {metadata({method} {0x0000024a84434fc0} 'defineClassSourceLocation' '(Ljava/security/ProtectionDomain;)Ljava/lang/String;' in 'java/lang/ClassLoader')}
  0x0000024aed241000: fcff ff49 | bab8 4f43 | 844a 0200 | 004c 8954 | 2408 48c7 | 0424 ffff 

  0x0000024aed241018: ;   {runtime_call counter_overflow Runtime1 stub}
  0x0000024aed241018: ffff e8e1 

  0x0000024aed24101c: ; ImmutableOopMap {rax=Oop [120]=Oop [128]=Oop [136]=Oop [152]=Oop }
                      ;*synchronization entry
                      ; - java.lang.ClassLoader::defineClassSourceLocation@-1
                      ; - java.lang.ClassLoader::defineClass@12
  0x0000024aed24101c: 112d 07e9 | 00fd ffff 

  0x0000024aed241024: ;   {runtime_call throw_null_pointer_exception Runtime1 stub}
  0x0000024aed241024: e8d7 c12c 

  0x0000024aed241028: ; ImmutableOopMap {rax=Oop [120]=Oop [128]=Oop [136]=Oop [152]=Oop }
                      ;*invokevirtual getCodeSource {reexecute=0 rethrow=0 return_oop=0}
                      ; - java.lang.ClassLoader::defineClassSourceLocation@1
                      ; - java.lang.ClassLoader::defineClass@12
                      ;   {runtime_call throw_null_pointer_exception Runtime1 stub}
  0x0000024aed241028: 07e8 d2c1 

  0x0000024aed24102c: ; ImmutableOopMap {rax=Oop r8=Oop [120]=Oop [128]=Oop [136]=Oop [152]=Oop }
                      ;*invokevirtual getLocation {reexecute=0 rethrow=0 return_oop=0}
                      ; - java.lang.ClassLoader::defineClassSourceLocation@12
                      ; - java.lang.ClassLoader::defineClass@12
                      ;   {runtime_call throw_null_pointer_exception Runtime1 stub}
  0x0000024aed24102c: 2c07 e8cd 

  0x0000024aed241030: ; ImmutableOopMap {rdx=Oop [120]=Oop [128]=Oop [136]=Oop [152]=Oop }
                      ;*invokevirtual toString {reexecute=0 rethrow=0 return_oop=0}
                      ; - java.lang.ClassLoader::defineClassSourceLocation@22
                      ; - java.lang.ClassLoader::defineClass@12
                      ;   {metadata({method} {0x0000024a8401abf0} 'toString' '()Ljava/lang/String;' in 'java/net/URL')}
  0x0000024aed241030: c12c 0749 | bae8 ab01 | 844a 0200 | 004c 8954 | 2408 48c7 | 0424 ffff 

  0x0000024aed241048: ;   {runtime_call counter_overflow Runtime1 stub}
  0x0000024aed241048: ffff e8b1 

  0x0000024aed24104c: ; ImmutableOopMap {rdx=Oop [120]=Oop [128]=Oop [136]=Oop [152]=Oop }
                      ;*synchronization entry
                      ; - java.net.URL::toString@-1
                      ; - java.lang.ClassLoader::defineClassSourceLocation@22
                      ; - java.lang.ClassLoader::defineClass@12
  0x0000024aed24104c: 112d 07e9 | d7fd ffff 

  0x0000024aed241054: ;   {metadata({method} {0x0000024a84428b60} 'toExternalForm' '()Ljava/lang/String;' in 'java/net/URL')}
  0x0000024aed241054: 49ba 588b | 4284 4a02 | 0000 4c89 | 5424 0848 | c704 24ff 

  0x0000024aed241068: ;   {runtime_call counter_overflow Runtime1 stub}
  0x0000024aed241068: ffff ffe8 

  0x0000024aed24106c: ; ImmutableOopMap {rdx=Oop [120]=Oop [128]=Oop [136]=Oop [152]=Oop }
                      ;*synchronization entry
                      ; - java.net.URL::toExternalForm@-1
                      ; - java.net.URL::toString@1
                      ; - java.lang.ClassLoader::defineClassSourceLocation@22
                      ; - java.lang.ClassLoader::defineClass@12
  0x0000024aed24106c: 9011 2d07 | e9f4 fdff 

  0x0000024aed241074: ;   {runtime_call throw_null_pointer_exception Runtime1 stub}
  0x0000024aed241074: ffe8 86c1 

  0x0000024aed241078: ; ImmutableOopMap {rdx=Oop rsi=Oop [120]=Oop [128]=Oop [136]=Oop [152]=Oop }
                      ;*invokevirtual toExternalForm {reexecute=0 rethrow=0 return_oop=0}
                      ; - java.net.URL::toExternalForm@5
                      ; - java.net.URL::toString@1
                      ; - java.lang.ClassLoader::defineClassSourceLocation@22
                      ; - java.lang.ClassLoader::defineClass@12
                      ;   {internal_word}
  0x0000024aed241078: 2c07 49ba | d40f 24ed | 4a02 0000 | 4d89 9768 

  0x0000024aed241088: ;   {runtime_call SafepointBlob}
  0x0000024aed241088: 0400 00e9 | 703a 2207 | 498b 8700 | 0500 0049 | c787 0005 | 0000 0000 | 0000 49c7 | 8708 0500 
  0x0000024aed2410a8: 0000 0000 | 0048 81c4 | b000 0000 

  0x0000024aed2410b4: ;   {runtime_call unwind_exception Runtime1 stub}
  0x0000024aed2410b4: 5de9 46b2 | 2c07 f4f4 | f4f4 f4f4 
[Stub Code]
  0x0000024aed2410c0: ;   {no_reloc}
  0x0000024aed2410c0: 0f1f 4400 

  0x0000024aed2410c4: ;   {static_stub}
  0x0000024aed2410c4: 0048 bb00 | 0000 0000 

  0x0000024aed2410cc: ;   {runtime_call nmethod}
  0x0000024aed2410cc: 0000 00e9 | fbff ffff 

  0x0000024aed2410d4: ;   {static_stub}
  0x0000024aed2410d4: 48bb 0000 | 0000 0000 

  0x0000024aed2410dc: ;   {runtime_call nmethod}
  0x0000024aed2410dc: 0000 e9fb 

  0x0000024aed2410e0: ;   {static_stub}
  0x0000024aed2410e0: ffff ff48 | bb00 0000 | 0000 0000 

  0x0000024aed2410ec: ;   {runtime_call nmethod}
  0x0000024aed2410ec: 00e9 fbff 

  0x0000024aed2410f0: ;   {static_stub}
  0x0000024aed2410f0: ffff 48bb | 0000 0000 | 0000 0000 

  0x0000024aed2410fc: ;   {runtime_call nmethod}
  0x0000024aed2410fc: e9fb ffff 

  0x0000024aed241100: ;   {runtime_call handle_exception_from_callee Runtime1 stub}
  0x0000024aed241100: ffe8 fade 

  0x0000024aed241104: ;   {external_word}
  0x0000024aed241104: 2c07 48b9 | 4053 b7ed | f87f 0000 | 4883 e4f0 

  0x0000024aed241114: ;   {runtime_call}
  0x0000024aed241114: 48b8 b0c3 | 79ed f87f | 0000 ffd0 

  0x0000024aed241120: ;   {section_word}
  0x0000024aed241120: f449 ba21 | 1124 ed4a | 0200 0041 

  0x0000024aed24112c: ;   {runtime_call DeoptimizationBlob}
  0x0000024aed24112c: 52e9 6e2c | 2207 f4f4 | f4f4 f4f4 
[/MachCode]


Compiled method (c1) 7149 3021   !   3       org.eclipse.osgi.internal.loader.ModuleClassLoader::defineClass (67 bytes)
 total in heap  [0x0000024aed4d9010,0x0000024aed4d9bf0] = 3040
 relocation     [0x0000024aed4d9170,0x0000024aed4d9218] = 168
 main code      [0x0000024aed4d9220,0x0000024aed4d9820] = 1536
 stub code      [0x0000024aed4d9820,0x0000024aed4d9890] = 112
 oops           [0x0000024aed4d9890,0x0000024aed4d9898] = 8
 metadata       [0x0000024aed4d9898,0x0000024aed4d98d8] = 64
 scopes data    [0x0000024aed4d98d8,0x0000024aed4d9a28] = 336
 scopes pcs     [0x0000024aed4d9a28,0x0000024aed4d9b38] = 272
 dependencies   [0x0000024aed4d9b38,0x0000024aed4d9b50] = 24
 handler table  [0x0000024aed4d9b50,0x0000024aed4d9bc8] = 120
 nul chk table  [0x0000024aed4d9bc8,0x0000024aed4d9bf0] = 40

[Constant Pool (empty)]

[MachCode]
[Entry Point]
  # {method} {0x0000024ac55dfe98} 'defineClass' '(Ljava/lang/String;[BLorg/eclipse/osgi/internal/loader/classpath/ClasspathEntry;)Lorg/eclipse/osgi/internal/loader/ModuleClassLoader$DefineClassResult;' in 'org/eclipse/osgi/internal/loader/ModuleClassLoader'
  # this:     rdx:rdx   = 'org/eclipse/osgi/internal/loader/ModuleClassLoader'
  # parm0:    r8:r8     = 'java/lang/String'
  # parm1:    r9:r9     = '[B'
  # parm2:    rdi:rdi   = 'org/eclipse/osgi/internal/loader/classpath/ClasspathEntry'
  #           [sp+0xb0]  (sp of caller)
  0x0000024aed4d9220: 448b 5208 | 49bb 0000 | 0084 4a02 | 0000 4d03 | d34c 3bd0 

  0x0000024aed4d9234: ;   {runtime_call ic_miss_stub}
  0x0000024aed4d9234: 0f85 4652 | f806 660f | 1f44 0000 
[Verified Entry Point]
  0x0000024aed4d9240: 8984 2400 | 80ff ff55 | 4881 eca0 | 0000 0090 | 4181 7f20 | 0300 0000 

  0x0000024aed4d9258: ;   {runtime_call StubRoutines (final stubs)}
  0x0000024aed4d9258: 7405 e881 

  0x0000024aed4d925c: ;   {metadata(method data for {method} {0x0000024ac55dfe98} 'defineClass' '(Ljava/lang/String;[BLorg/eclipse/osgi/internal/loader/classpath/ClasspathEntry;)Lorg/eclipse/osgi/internal/loader/ModuleClassLoader$DefineClassResult;' in 'org/eclipse/osgi/internal/loader/ModuleClassLoader')}
  0x0000024aed4d925c: f7f6 0648 | be30 d6c1 | c54a 0200 | 008b 9ecc | 0000 0083 | c302 899e | cc00 0000 | 81e3 fe07 
  0x0000024aed4d927c: 0000 85db | 0f84 5304 | 0000 4889 | 7c24 704c | 894c 2468 

  0x0000024aed4d9290: ;   {metadata(method data for {method} {0x0000024ac55dfe98} 'defineClass' '(Ljava/lang/String;[BLorg/eclipse/osgi/internal/loader/classpath/ClasspathEntry;)Lorg/eclipse/osgi/internal/loader/ModuleClassLoader$DefineClassResult;' in 'org/eclipse/osgi/internal/loader/ModuleClassLoader')}
  0x0000024aed4d9290: 488b f248 | bb30 d6c1 | c54a 0200 | 008b 7608 | 49ba 0000 | 0084 4a02 | 0000 4903 | f248 3bb3 
  0x0000024aed4d92b0: 2001 0000 | 750d 4883 | 8328 0100 | 0001 e960 | 0000 0048 | 3bb3 3001 | 0000 750d | 4883 8338 
  0x0000024aed4d92d0: 0100 0001 | e94a 0000 | 0048 83bb | 2001 0000 | 0075 1748 | 89b3 2001 | 0000 48c7 | 8328 0100 
  0x0000024aed4d92f0: 0001 0000 | 00e9 2900 | 0000 4883 | bb30 0100 | 0000 7517 | 4889 b330 | 0100 0048 | c783 3801 
  0x0000024aed4d9310: 0000 0100 | 0000 e908 | 0000 0048 | 8383 1001 

  0x0000024aed4d9320: ;   {metadata(method data for {method} {0x0000024ac5624b48} 'getClassLoadingLock' '(Ljava/lang/String;)Ljava/lang/Object;' in 'org/eclipse/osgi/internal/loader/ModuleClassLoader')}
  0x0000024aed4d9320: 0000 0148 | bec8 41a0 | c54a 0200 | 008b 9ecc | 0000 0083 | c302 899e | cc00 0000 | 81e3 feff 
  0x0000024aed4d9340: 1f00 85db | 0f84 b003 | 0000 8b72 | 5048 3b06 

  0x0000024aed4d9350: ;   {metadata(method data for {method} {0x0000024ac5624b48} 'getClassLoadingLock' '(Ljava/lang/String;)Ljava/lang/Object;' in 'org/eclipse/osgi/internal/loader/ModuleClassLoader')}
  0x0000024aed4d9350: 488b de48 | b8c8 41a0 | c54a 0200 | 0048 8380 | 1001 0000 | 0149 8bd8 | 4c8b c348 | 8954 2458 
  0x0000024aed4d9370: 488b d648 | 895c 2460 | 0f1f 8000 

  0x0000024aed4d937c: ;   {optimized virtual_call}
  0x0000024aed4d937c: 0000 00e8 

  0x0000024aed4d9380: ; ImmutableOopMap {[88]=Oop [96]=Oop [104]=Oop [112]=Oop }
                      ;*invokevirtual getLock {reexecute=0 rethrow=0 return_oop=0}
                      ; - org.eclipse.osgi.internal.loader.ModuleClassLoader::getClassLoadingLock@5 (line 437)
                      ; - org.eclipse.osgi.internal.loader.ModuleClassLoader::defineClass@8 (line 312)
  0x0000024aed4d9380: fcea 2300 

  0x0000024aed4d9384: ;   {other}
  0x0000024aed4d9384: 0f1f 8400 | 7403 0000 | 4889 4424 | 7848 8d94 | 2480 0000 | 0048 8bf0 | 4889 7208 

  0x0000024aed4d93a0: ; implicit exception: dispatches to 0x0000024aed4d9720
  0x0000024aed4d93a0: 488b 0648 | 83c8 0148 | 8902 f048 | 0fb1 160f | 8412 0000 | 0048 2bc4 | 4825 07f0 | ffff 4889 
  0x0000024aed4d93c0: 020f 855e | 0300 0049 | ff87 5005 | 0000 488b 

  0x0000024aed4d93d0: ;   {metadata(method data for {method} {0x0000024ac55dfe98} 'defineClass' '(Ljava/lang/String;[BLorg/eclipse/osgi/internal/loader/classpath/ClasspathEntry;)Lorg/eclipse/osgi/internal/loader/ModuleClassLoader$DefineClassResult;' in 'org/eclipse/osgi/internal/loader/ModuleClassLoader')}
  0x0000024aed4d93d0: 5424 5848 | be30 d6c1 | c54a 0200 | 0048 8386 | 4801 0000 

  0x0000024aed4d93e4: ;   {metadata(method data for {method} {0x0000024a844353e0} 'findLoadedClass' '(Ljava/lang/String;)Ljava/lang/Class;' in 'java/lang/ClassLoader')}
  0x0000024aed4d93e4: 0148 baa8 | bd23 c54a | 0200 008b | b2cc 0000 | 0083 c602 | 89b2 cc00 | 0000 81e6 | feff 1f00 
  0x0000024aed4d9404: 85f6 0f84 | 2c03 0000 

  0x0000024aed4d940c: ;   {metadata(method data for {method} {0x0000024a844353e0} 'findLoadedClass' '(Ljava/lang/String;)Ljava/lang/Class;' in 'java/lang/ClassLoader')}
  0x0000024aed4d940c: 48ba a8bd | 23c5 4a02 | 0000 4883 | 8210 0100 | 0001 488b | 5424 600f 

  0x0000024aed4d9424: ;   {static_call}
  0x0000024aed4d9424: 1f40 00e8 

  0x0000024aed4d9428: ; ImmutableOopMap {[88]=Oop [96]=Oop [104]=Oop [112]=Oop [120]=Oop [136]=Oop }
                      ;*invokestatic checkName {reexecute=0 rethrow=0 return_oop=0}
                      ; - java.lang.ClassLoader::findLoadedClass@1
                      ; - org.eclipse.osgi.internal.loader.ModuleClassLoader::defineClass@17 (line 313)
  0x0000024aed4d9428: 34f4 6007 

  0x0000024aed4d942c: ;   {other}
  0x0000024aed4d942c: 0f1f 8400 | 1c04 0001 

  0x0000024aed4d9434: ;   {metadata(method data for {method} {0x0000024a844353e0} 'findLoadedClass' '(Ljava/lang/String;)Ljava/lang/Class;' in 'java/lang/ClassLoader')}
  0x0000024aed4d9434: 85c0 49b8 | a8bd 23c5 | 4a02 0000 | 48c7 c220 | 0100 0075 | 0748 c7c2 | 3001 0000 | 498b 3410 
  0x0000024aed4d9454: 488d 7601 | 4989 3410 | 0f85 0f00 

  0x0000024aed4d9460: ;   {oop(nullptr)}
  0x0000024aed4d9460: 0000 48be | 0000 0000 | 0000 0000 | e936 0000 | 0048 8b54 

  0x0000024aed4d9474: ;   {metadata(method data for {method} {0x0000024a844353e0} 'findLoadedClass' '(Ljava/lang/String;)Ljava/lang/Class;' in 'java/lang/ClassLoader')}
  0x0000024aed4d9474: 2458 49b8 | a8bd 23c5 | 4a02 0000 | 4983 8040 | 0100 0001 | 4c8b 4424 | 6048 8b54 | 2458 0f1f 
  0x0000024aed4d9494: ;   {optimized virtual_call}
  0x0000024aed4d9494: 4400 00e8 

  0x0000024aed4d9498: ; ImmutableOopMap {[88]=Oop [96]=Oop [104]=Oop [112]=Oop [120]=Oop [136]=Oop }
                      ;*invokevirtual findLoadedClass0 {reexecute=0 rethrow=0 return_oop=0}
                      ; - java.lang.ClassLoader::findLoadedClass@11
                      ; - org.eclipse.osgi.internal.loader.ModuleClassLoader::defineClass@17 (line 313)
  0x0000024aed4d9498: a4b1 4f07 

  0x0000024aed4d949c: ;   {other}
  0x0000024aed4d949c: 0f1f 8400 | 8c04 0002 | 488b f048 

  0x0000024aed4d94a8: ;   {metadata(method data for {method} {0x0000024ac55dfe98} 'defineClass' '(Ljava/lang/String;[BLorg/eclipse/osgi/internal/loader/classpath/ClasspathEntry;)Lorg/eclipse/osgi/internal/loader/ModuleClassLoader$DefineClassResult;' in 'org/eclipse/osgi/internal/loader/ModuleClassLoader')}
  0x0000024aed4d94a8: 85f6 49b8 | 30d6 c1c5 | 4a02 0000 | 49c7 c190 | 0100 0074 | 0749 c7c1 | 8001 0000 | 4b8b 3c08 
  0x0000024aed4d94c8: 488d 7f01 | 4b89 3c08 | 0f84 0e00 | 0000 488b | de41 b800 | 0000 00e9 | 6900 0000 | 488b 7c24 
  0x0000024aed4d94e8: 704c 8b4c | 2468 4c8b | 4424 6048 | 8b54 2458 

  0x0000024aed4d94f8: ; implicit exception: dispatches to 0x0000024aed4d9759
  0x0000024aed4d94f8: 418b 710c 

  0x0000024aed4d94fc: ; implicit exception: dispatches to 0x0000024aed4d975e
  0x0000024aed4d94fc: 483b 0748 

  0x0000024aed4d9500: ;   {metadata(method data for {method} {0x0000024ac55dfe98} 'defineClass' '(Ljava/lang/String;[BLorg/eclipse/osgi/internal/loader/classpath/ClasspathEntry;)Lorg/eclipse/osgi/internal/loader/ModuleClassLoader$DefineClassResult;' in 'org/eclipse/osgi/internal/loader/ModuleClassLoader')}
  0x0000024aed4d9500: 8bcf 48bb | 30d6 c1c5 | 4a02 0000 | 4883 83b8 | 0100 0001 | 8b4f 1048 

  0x0000024aed4d9518: ;   {metadata(method data for {method} {0x0000024ac55dfe98} 'defineClass' '(Ljava/lang/String;[BLorg/eclipse/osgi/internal/loader/classpath/ClasspathEntry;)Lorg/eclipse/osgi/internal/loader/ModuleClassLoader$DefineClassResult;' in 'org/eclipse/osgi/internal/loader/ModuleClassLoader')}
  0x0000024aed4d9518: 8bfa 48bb | 30d6 c1c5 | 4a02 0000 | 4883 83d8 | 0100 0001 | bf00 0000 | 0066 0f1f 

  0x0000024aed4d9534: ;   {optimized virtual_call}
  0x0000024aed4d9534: 4400 00e8 

  0x0000024aed4d9538: ; ImmutableOopMap {[120]=Oop [136]=Oop }
                      ;*invokevirtual defineClass {reexecute=0 rethrow=0 return_oop=0}
                      ; - org.eclipse.osgi.internal.loader.ModuleClassLoader::defineClass@37 (line 315)
  0x0000024aed4d9538: 0477 d6ff 

  0x0000024aed4d953c: ;   {other}
  0x0000024aed4d953c: 0f1f 8400 | 2c05 0003 | 488b d841 | b801 0000 | 0048 8d84 | 2480 0000 | 0048 8b10 | 4885 d20f 
  0x0000024aed4d955c: 840f 0000 | 0048 8b70 | 08f0 480f | b116 0f85 | f301 0000 | 49ff 8f50 

  0x0000024aed4d9574: ;   {metadata(method data for {method} {0x0000024ac55dfe98} 'defineClass' '(Ljava/lang/String;[BLorg/eclipse/osgi/internal/loader/classpath/ClasspathEntry;)Lorg/eclipse/osgi/internal/loader/ModuleClassLoader$DefineClassResult;' in 'org/eclipse/osgi/internal/loader/ModuleClassLoader')}
  0x0000024aed4d9574: 0500 0048 | ba30 d6c1 | c54a 0200 | 00ff 8210 

  0x0000024aed4d9584: ;   {metadata('org/eclipse/osgi/internal/loader/ModuleClassLoader$DefineClassResult')}
  0x0000024aed4d9584: 0200 0048 | ba00 3d12 | 854a 0200 | 0049 8b87 | b801 0000 | 488d 7818 | 493b bfc8 | 0100 000f 
  0x0000024aed4d95a4: 87d0 0100 | 0049 89bf | b801 0000 | 48c7 0001 | 0000 0048 | 8bca 49ba | 0000 0084 | 4a02 0000 
  0x0000024aed4d95c4: 492b ca89 | 4808 4833 | c989 480c | 4833 c948 | 8948 1048 

  0x0000024aed4d95d8: ;   {metadata(method data for {method} {0x0000024ac55dfe98} 'defineClass' '(Ljava/lang/String;[BLorg/eclipse/osgi/internal/loader/classpath/ClasspathEntry;)Lorg/eclipse/osgi/internal/loader/ModuleClassLoader$DefineClassResult;' in 'org/eclipse/osgi/internal/loader/ModuleClassLoader')}
  0x0000024aed4d95d8: 8bf0 48bf | 30d6 c1c5 | 4a02 0000 | 4883 8728 | 0200 0001 

  0x0000024aed4d95ec: ;   {metadata(method data for {method} {0x0000024ac578ee30} '<init>' '(Ljava/lang/Class;Z)V' in 'org/eclipse/osgi/internal/loader/ModuleClassLoader$DefineClassResult')}
  0x0000024aed4d95ec: 48be 98cc | acc5 4a02 | 0000 8bbe | cc00 0000 | 83c7 0289 | becc 0000 | 0081 e7fe | ff1f 0085 
  0x0000024aed4d960c: ff0f 8473 | 0100 0048 

  0x0000024aed4d9614: ;   {metadata(method data for {method} {0x0000024ac578ee30} '<init>' '(Ljava/lang/Class;Z)V' in 'org/eclipse/osgi/internal/loader/ModuleClassLoader$DefineClassResult')}
  0x0000024aed4d9614: 8bf0 48bf | 98cc acc5 | 4a02 0000 | 4883 8710 | 0100 0001 

  0x0000024aed4d9628: ;   {metadata(method data for {method} {0x0000024a84474dc0} '<init>' '()V' in 'java/lang/Object')}
  0x0000024aed4d9628: 48be 9067 | 00c5 4a02 | 0000 8bbe | cc00 0000 | 83c7 0289 | becc 0000 | 0081 e7fe | ff1f 0085 
  0x0000024aed4d9648: ff0f 8458 | 0100 004c | 8bd3 4489 | 5010 488d | 3048 c1ee | 0948 bf00 | 002b e94a | 0200 00c6 
  0x0000024aed4d9668: 043e 0041 | 83e0 0144 | 8840 0c48 | 81c4 a000 

  0x0000024aed4d9678: ;   {poll_return}
  0x0000024aed4d9678: 0000 5d49 | 3ba7 5004 | 0000 0f87 | 4001 0000 | c349 8b87 | 0005 0000 | 4d33 d24d | 8997 0005 
  0x0000024aed4d9698: 0000 4d33 | d24d 8997 | 0805 0000 | 488b f048 | 8d84 2480 | 0000 0048 | 8b38 4885 | ff0f 840f 
  0x0000024aed4d96b8: 0000 0048 | 8b58 08f0 | 480f b13b | 0f85 1401 | 0000 49ff | 8f50 0500 | 0048 8bc6 | e938 0100 
  0x0000024aed4d96d8: ;   {metadata({method} {0x0000024ac55dfe98} 'defineClass' '(Ljava/lang/String;[BLorg/eclipse/osgi/internal/loader/classpath/ClasspathEntry;)Lorg/eclipse/osgi/internal/loader/ModuleClassLoader$DefineClassResult;' in 'org/eclipse/osgi/internal/loader/ModuleClassLoader')}
  0x0000024aed4d96d8: 0049 ba90 | fe5d c54a | 0200 004c | 8954 2408 | 48c7 0424 | ffff ffff 

  0x0000024aed4d96f0: ;   {runtime_call counter_overflow Runtime1 stub}
  0x0000024aed4d96f0: e80b 8b03 

  0x0000024aed4d96f4: ; ImmutableOopMap {rdx=Oop r8=Oop r9=Oop rdi=Oop }
                      ;*synchronization entry
                      ; - org.eclipse.osgi.internal.loader.ModuleClassLoader::defineClass@-1 (line 310)
  0x0000024aed4d96f4: 07e9 8cfb 

  0x0000024aed4d96f8: ;   {metadata({method} {0x0000024ac5624b48} 'getClassLoadingLock' '(Ljava/lang/String;)Ljava/lang/Object;' in 'org/eclipse/osgi/internal/loader/ModuleClassLoader')}
  0x0000024aed4d96f8: ffff 49ba | 404b 62c5 | 4a02 0000 | 4c89 5424 | 0848 c704 | 24ff ffff 

  0x0000024aed4d9710: ;   {runtime_call counter_overflow Runtime1 stub}
  0x0000024aed4d9710: ffe8 ea8a 

  0x0000024aed4d9714: ; ImmutableOopMap {rdx=Oop r8=Oop [104]=Oop [112]=Oop }
                      ;*synchronization entry
                      ; - org.eclipse.osgi.internal.loader.ModuleClassLoader::getClassLoadingLock@-1 (line 437)
                      ; - org.eclipse.osgi.internal.loader.ModuleClassLoader::defineClass@8 (line 312)
  0x0000024aed4d9714: 0307 e92f 

  0x0000024aed4d9718: ;   {runtime_call throw_null_pointer_exception Runtime1 stub}
  0x0000024aed4d9718: fcff ffe8 

  0x0000024aed4d971c: ; ImmutableOopMap {rdx=Oop r8=Oop rsi=Oop [104]=Oop [112]=Oop }
                      ;*invokevirtual getLock {reexecute=0 rethrow=0 return_oop=0}
                      ; - org.eclipse.osgi.internal.loader.ModuleClassLoader::getClassLoadingLock@5 (line 437)
                      ; - org.eclipse.osgi.internal.loader.ModuleClassLoader::defineClass@8 (line 312)
  0x0000024aed4d971c: e03a 0307 

  0x0000024aed4d9720: ;   {runtime_call throw_null_pointer_exception Runtime1 stub}
  0x0000024aed4d9720: e8db 3a03 

  0x0000024aed4d9724: ; ImmutableOopMap {rsi=Oop [88]=Oop [96]=Oop [104]=Oop [112]=Oop [120]=Oop }
                      ;*monitorenter {reexecute=0 rethrow=0 return_oop=0}
                      ; - org.eclipse.osgi.internal.loader.ModuleClassLoader::defineClass@14 (line 312)
  0x0000024aed4d9724: 0748 8974 | 2408 4889 

  0x0000024aed4d972c: ;   {runtime_call monitorenter_nofpu Runtime1 stub}
  0x0000024aed4d972c: 1424 e8cd 

  0x0000024aed4d9730: ; ImmutableOopMap {rsi=Oop [88]=Oop [96]=Oop [104]=Oop [112]=Oop [120]=Oop [136]=Oop }
                      ;*monitorenter {reexecute=0 rethrow=0 return_oop=0}
                      ; - org.eclipse.osgi.internal.loader.ModuleClassLoader::defineClass@14 (line 312)
  0x0000024aed4d9730: 6a03 07e9 | 96fc ffff 

  0x0000024aed4d9738: ;   {metadata({method} {0x0000024a844353e0} 'findLoadedClass' '(Ljava/lang/String;)Ljava/lang/Class;' in 'java/lang/ClassLoader')}
  0x0000024aed4d9738: 49ba d853 | 4384 4a02 | 0000 4c89 | 5424 0848 | c704 24ff 

  0x0000024aed4d974c: ;   {runtime_call counter_overflow Runtime1 stub}
  0x0000024aed4d974c: ffff ffe8 

  0x0000024aed4d9750: ; ImmutableOopMap {[88]=Oop [96]=Oop [104]=Oop [112]=Oop [120]=Oop [136]=Oop }
                      ;*synchronization entry
                      ; - java.lang.ClassLoader::findLoadedClass@-1
                      ; - org.eclipse.osgi.internal.loader.ModuleClassLoader::defineClass@17 (line 313)
  0x0000024aed4d9750: ac8a 0307 | e9b3 fcff 

  0x0000024aed4d9758: ;   {runtime_call throw_null_pointer_exception Runtime1 stub}
  0x0000024aed4d9758: ffe8 a23a 

  0x0000024aed4d975c: ; ImmutableOopMap {rdx=Oop r8=Oop r9=Oop rdi=Oop [120]=Oop [136]=Oop }
                      ;*arraylength {reexecute=0 rethrow=0 return_oop=0}
                      ; - org.eclipse.osgi.internal.loader.ModuleClassLoader::defineClass@32 (line 315)
                      ;   {runtime_call throw_null_pointer_exception Runtime1 stub}
  0x0000024aed4d975c: 0307 e89d 

  0x0000024aed4d9760: ; ImmutableOopMap {rdx=Oop r8=Oop r9=Oop rdi=Oop [120]=Oop [136]=Oop }
                      ;*invokevirtual getDomain {reexecute=0 rethrow=0 return_oop=0}
                      ; - org.eclipse.osgi.internal.loader.ModuleClassLoader::defineClass@34 (line 315)
  0x0000024aed4d9760: 3a03 0748 | 8d84 2480 | 0000 0048 

  0x0000024aed4d976c: ;   {runtime_call monitorexit_nofpu Runtime1 stub}
  0x0000024aed4d976c: 8904 24e8 | 8c70 0307 | e9fe fdff | ff48 8bd2 

  0x0000024aed4d977c: ;   {runtime_call fast_new_instance Runtime1 stub}
  0x0000024aed4d977c: e87f 4303 

  0x0000024aed4d9780: ; ImmutableOopMap {rbx=Oop }
                      ;*new {reexecute=0 rethrow=0 return_oop=0}
                      ; - org.eclipse.osgi.internal.loader.ModuleClassLoader::defineClass@55 (line 319)
  0x0000024aed4d9780: 07e9 51fe 

  0x0000024aed4d9784: ;   {metadata({method} {0x0000024ac578ee30} '<init>' '(Ljava/lang/Class;Z)V' in 'org/eclipse/osgi/internal/loader/ModuleClassLoader$DefineClassResult')}
  0x0000024aed4d9784: ffff 49ba | 28ee 78c5 | 4a02 0000 | 4c89 5424 | 0848 c704 | 24ff ffff 

  0x0000024aed4d979c: ;   {runtime_call counter_overflow Runtime1 stub}
  0x0000024aed4d979c: ffe8 5e8a 

  0x0000024aed4d97a0: ; ImmutableOopMap {rbx=Oop rax=Oop }
                      ;*synchronization entry
                      ; - org.eclipse.osgi.internal.loader.ModuleClassLoader$DefineClassResult::<init>@-1 (line 96)
                      ; - org.eclipse.osgi.internal.loader.ModuleClassLoader::defineClass@63 (line 319)
  0x0000024aed4d97a0: 0307 e96c 

  0x0000024aed4d97a4: ;   {metadata({method} {0x0000024a84474dc0} '<init>' '()V' in 'java/lang/Object')}
  0x0000024aed4d97a4: feff ff49 | bab8 4d47 | 844a 0200 | 004c 8954 | 2408 48c7 | 0424 ffff 

  0x0000024aed4d97bc: ;   {runtime_call counter_overflow Runtime1 stub}
  0x0000024aed4d97bc: ffff e83d 

  0x0000024aed4d97c0: ; ImmutableOopMap {rbx=Oop rax=Oop }
                      ;*synchronization entry
                      ; - java.lang.Object::<init>@-1
                      ; - org.eclipse.osgi.internal.loader.ModuleClassLoader$DefineClassResult::<init>@1 (line 96)
                      ; - org.eclipse.osgi.internal.loader.ModuleClassLoader::defineClass@63 (line 319)
  0x0000024aed4d97c0: 8a03 07e9 | 87fe ffff 

  0x0000024aed4d97c8: ;   {internal_word}
  0x0000024aed4d97c8: 49ba 7b96 | 4ded 4a02 | 0000 4d89 | 9768 0400 

  0x0000024aed4d97d8: ;   {runtime_call SafepointBlob}
  0x0000024aed4d97d8: 00e9 22b3 | f806 488d | 8424 8000 | 0000 4889 

  0x0000024aed4d97e8: ;   {runtime_call monitorexit_nofpu Runtime1 stub}
  0x0000024aed4d97e8: 0424 e811 | 7003 07e9 | ddfe ffff | 498b 8700 | 0500 0049 | c787 0005 | 0000 0000 | 0000 49c7 
  0x0000024aed4d9808: 8708 0500 | 0000 0000 | 0048 81c4 | a000 0000 

  0x0000024aed4d9818: ;   {runtime_call unwind_exception Runtime1 stub}
  0x0000024aed4d9818: 5de9 e22a | 0307 f4f4 
[Stub Code]
  0x0000024aed4d9820: ;   {no_reloc}
  0x0000024aed4d9820: 48bb b872 | 68c5 4a02 

  0x0000024aed4d9828: ;   {runtime_call I2C/C2I adapters}
  0x0000024aed4d9828: 0000 e938 

  0x0000024aed4d982c: ;   {static_stub}
  0x0000024aed4d982c: 9ff8 0648 | bb00 0000 | 0000 0000 

  0x0000024aed4d9838: ;   {runtime_call nmethod}
  0x0000024aed4d9838: 00e9 fbff 

  0x0000024aed4d983c: ;   {static_stub}
  0x0000024aed4d983c: ffff 48bb | 0000 0000 | 0000 0000 

  0x0000024aed4d9848: ;   {runtime_call nmethod}
  0x0000024aed4d9848: e9fb ffff 

  0x0000024aed4d984c: ;   {static_stub}
  0x0000024aed4d984c: ff48 bb00 | 0000 0000 

  0x0000024aed4d9854: ;   {runtime_call nmethod}
  0x0000024aed4d9854: 0000 00e9 | fbff ffff 
[Exception Handler]
  0x0000024aed4d985c: ;   {runtime_call handle_exception_from_callee Runtime1 stub}
  0x0000024aed4d985c: e89f 5703 

  0x0000024aed4d9860: ;   {external_word}
  0x0000024aed4d9860: 0748 b940 | 53b7 edf8 | 7f00 0048 

  0x0000024aed4d986c: ;   {runtime_call}
  0x0000024aed4d986c: 83e4 f048 | b8b0 c379 | edf8 7f00 | 00ff d0f4 
[Deopt Handler Code]
  0x0000024aed4d987c: ;   {section_word}
  0x0000024aed4d987c: 49ba 7c98 | 4ded 4a02 | 0000 4152 

  0x0000024aed4d9888: ;   {runtime_call DeoptimizationBlob}
  0x0000024aed4d9888: e913 a5f8 | 06f4 f4f4 
[/MachCode]


---------------  P R O C E S S  ---------------

Threads class SMR info:
_java_thread_list=0x0000024acb362850, length=39, elements={
0x0000024ae9cdd340, 0x0000024afc78dfe0, 0x0000024ae9d81770, 0x0000024ae9d84f80,
0x0000024ae9d85ea0, 0x0000024ae9d87b10, 0x0000024ae9d88770, 0x0000024ae9d8b5c0,
0x0000024ae9d98c30, 0x0000024afdd0fdc0, 0x0000024afde95010, 0x0000024aff166000,
0x0000024ac91302f0, 0x0000024aff12d270, 0x0000024ac90f0230, 0x0000024ac96f6020,
0x0000024ac946f7b0, 0x0000024ac9786180, 0x0000024ac9280d50, 0x0000024ac92813e0,
0x0000024ac92806c0, 0x0000024ac9b878b0, 0x0000024ac9280030, 0x0000024ac9b10cd0,
0x0000024ac9b11360, 0x0000024ac9b14150, 0x0000024ac9b12da0, 0x0000024ac9b10640,
0x0000024ac9b119f0, 0x0000024ac9b13ac0, 0x0000024ac9b0e570, 0x0000024ac9b12080,
0x0000024ac9b12710, 0x0000024ac9b0ec00, 0x0000024ac9b147e0, 0x0000024ac9b13430,
0x0000024ac9b0dee0, 0x0000024ac9b14e70, 0x0000024ac9b15500
}

Java Threads: ( => current thread )
=>0x0000024ae9cdd340 JavaThread "main"                              [_thread_in_vm, id=23068, stack(0x000000ff56500000,0x000000ff56600000) (1024K)]
  0x0000024afc78dfe0 JavaThread "Reference Handler"          daemon [_thread_blocked, id=19896, stack(0x000000ff56900000,0x000000ff56a00000) (1024K)]
  0x0000024ae9d81770 JavaThread "Finalizer"                  daemon [_thread_blocked, id=28936, stack(0x000000ff56a00000,0x000000ff56b00000) (1024K)]
  0x0000024ae9d84f80 JavaThread "Signal Dispatcher"          daemon [_thread_blocked, id=28612, stack(0x000000ff56b00000,0x000000ff56c00000) (1024K)]
  0x0000024ae9d85ea0 JavaThread "Attach Listener"            daemon [_thread_blocked, id=27632, stack(0x000000ff56c00000,0x000000ff56d00000) (1024K)]
  0x0000024ae9d87b10 JavaThread "Service Thread"             daemon [_thread_blocked, id=27616, stack(0x000000ff56d00000,0x000000ff56e00000) (1024K)]
  0x0000024ae9d88770 JavaThread "Monitor Deflation Thread"   daemon [_thread_blocked, id=28568, stack(0x000000ff56e00000,0x000000ff56f00000) (1024K)]
  0x0000024ae9d8b5c0 JavaThread "C2 CompilerThread0"         daemon [_thread_blocked, id=17992, stack(0x000000ff56f00000,0x000000ff57000000) (1024K)]
  0x0000024ae9d98c30 JavaThread "C1 CompilerThread0"         daemon [_thread_in_vm, id=27904, stack(0x000000ff57000000,0x000000ff57100000) (1024K)]
  0x0000024afdd0fdc0 JavaThread "Common-Cleaner"             daemon [_thread_blocked, id=12764, stack(0x000000ff57200000,0x000000ff57300000) (1024K)]
  0x0000024afde95010 JavaThread "Notification Thread"        daemon [_thread_blocked, id=28400, stack(0x000000ff57300000,0x000000ff57400000) (1024K)]
  0x0000024aff166000 JavaThread "Active Thread: Equinox Container: 85ed33f9-d66a-4f2f-b908-c3db7f03c3a9"        [_thread_blocked, id=19832, stack(0x000000ff57b00000,0x000000ff57c00000) (1024K)]
  0x0000024ac91302f0 JavaThread "Refresh Thread: Equinox Container: 85ed33f9-d66a-4f2f-b908-c3db7f03c3a9" daemon [_thread_blocked, id=15816, stack(0x000000ff57d00000,0x000000ff57e00000) (1024K)]
  0x0000024aff12d270 JavaThread "Framework Event Dispatcher: Equinox Container: 85ed33f9-d66a-4f2f-b908-c3db7f03c3a9" daemon [_thread_blocked, id=30072, stack(0x000000ff57e00000,0x000000ff57f00000) (1024K)]
  0x0000024ac90f0230 JavaThread "Start Level: Equinox Container: 85ed33f9-d66a-4f2f-b908-c3db7f03c3a9" daemon [_thread_blocked, id=29440, stack(0x000000ff57f00000,0x000000ff58000000) (1024K)]
  0x0000024ac96f6020 JavaThread "Bundle File Closer"         daemon [_thread_blocked, id=27660, stack(0x000000ff58200000,0x000000ff58300000) (1024K)]
  0x0000024ac946f7b0 JavaThread "SCR Component Actor"        daemon [_thread_blocked, id=13860, stack(0x000000ff57100000,0x000000ff57200000) (1024K)]
  0x0000024ac9786180 JavaThread "Worker-JM"                         [_thread_blocked, id=28528, stack(0x000000ff58300000,0x000000ff58400000) (1024K)]
  0x0000024ac9280d50 JavaThread "JNA Cleaner"                daemon [_thread_blocked, id=25496, stack(0x000000ff58400000,0x000000ff58500000) (1024K)]
  0x0000024ac92813e0 JavaThread "Worker-0: Initialize After Load"        [_thread_in_vm, id=27832, stack(0x000000ff58500000,0x000000ff58600000) (1024K)]
  0x0000024ac92806c0 JavaThread "Worker-1: Repository registry initialization"        [_thread_in_vm, id=17276, stack(0x000000ff58600000,0x000000ff58700000) (1024K)]
  0x0000024ac9b878b0 JavaThread "C2 CompilerThread1"         daemon [_thread_blocked, id=28232, stack(0x000000ff57400000,0x000000ff57500000) (1024K)]
  0x0000024ac9280030 JavaThread "Java indexing"              daemon [_thread_blocked, id=28976, stack(0x000000ff58700000,0x000000ff58800000) (1024K)]
  0x0000024ac9b10cd0 JavaThread "Worker-2"                          [_thread_blocked, id=25860, stack(0x000000ff58800000,0x000000ff58900000) (1024K)]
  0x0000024ac9b11360 JavaThread "Worker-3: Building"                [_thread_in_vm, id=28576, stack(0x000000ff58900000,0x000000ff58a00000) (1024K)]
  0x0000024ac9b14150 JavaThread "Thread-1"                   daemon [_thread_in_native, id=340, stack(0x000000ff58a00000,0x000000ff58b00000) (1024K)]
  0x0000024ac9b12da0 JavaThread "Thread-2"                   daemon [_thread_in_native, id=27480, stack(0x000000ff58b00000,0x000000ff58c00000) (1024K)]
  0x0000024ac9b10640 JavaThread "Thread-3"                   daemon [_thread_in_native, id=21500, stack(0x000000ff58c00000,0x000000ff58d00000) (1024K)]
  0x0000024ac9b119f0 JavaThread "Thread-4"                   daemon [_thread_in_native, id=28780, stack(0x000000ff58d00000,0x000000ff58e00000) (1024K)]
  0x0000024ac9b13ac0 JavaThread "Thread-5"                   daemon [_thread_in_native, id=27828, stack(0x000000ff58e00000,0x000000ff58f00000) (1024K)]
  0x0000024ac9b0e570 JavaThread "Thread-6"                   daemon [_thread_in_native, id=17704, stack(0x000000ff58f00000,0x000000ff59000000) (1024K)]
  0x0000024ac9b12080 JavaThread "Thread-7"                   daemon [_thread_in_native, id=16436, stack(0x000000ff59000000,0x000000ff59100000) (1024K)]
  0x0000024ac9b12710 JavaThread "Thread-8"                   daemon [_thread_in_native, id=27692, stack(0x000000ff59100000,0x000000ff59200000) (1024K)]
  0x0000024ac9b0ec00 JavaThread "Thread-9"                   daemon [_thread_in_native, id=27716, stack(0x000000ff59200000,0x000000ff59300000) (1024K)]
  0x0000024ac9b147e0 JavaThread "Thread-10"                  daemon [_thread_in_native, id=21132, stack(0x000000ff59300000,0x000000ff59400000) (1024K)]
  0x0000024ac9b13430 JavaThread "Thread-11"                  daemon [_thread_in_native, id=7688, stack(0x000000ff59400000,0x000000ff59500000) (1024K)]
  0x0000024ac9b0dee0 JavaThread "Thread-12"                  daemon [_thread_in_native, id=27344, stack(0x000000ff59500000,0x000000ff59600000) (1024K)]
  0x0000024ac9b14e70 JavaThread "Thread-13"                  daemon [_thread_in_native, id=12972, stack(0x000000ff59600000,0x000000ff59700000) (1024K)]
  0x0000024ac9b15500 JavaThread "pool-2-thread-1"                   [_thread_blocked, id=15628, stack(0x000000ff59700000,0x000000ff59800000) (1024K)]
Total: 39

Other Threads:
  0x0000024afc774f40 VMThread "VM Thread"                           [id=29564, stack(0x000000ff56800000,0x000000ff56900000) (1024K)]
  0x0000024afc66ca00 WatcherThread "VM Periodic Task Thread"        [id=19088, stack(0x000000ff56700000,0x000000ff56800000) (1024K)]
  0x0000024ae9cfd8b0 WorkerThread "GC Thread#0"                     [id=28188, stack(0x000000ff56600000,0x000000ff56700000) (1024K)]
  0x0000024aff019ba0 WorkerThread "GC Thread#1"                     [id=15520, stack(0x000000ff57500000,0x000000ff57600000) (1024K)]
  0x0000024ac921bbd0 WorkerThread "GC Thread#2"                     [id=15512, stack(0x000000ff57600000,0x000000ff57700000) (1024K)]
  0x0000024aff013f70 WorkerThread "GC Thread#3"                     [id=28920, stack(0x000000ff57700000,0x000000ff57800000) (1024K)]
  0x0000024aff192db0 WorkerThread "GC Thread#4"                     [id=20604, stack(0x000000ff57800000,0x000000ff57900000) (1024K)]
  0x0000024aff193570 WorkerThread "GC Thread#5"                     [id=26136, stack(0x000000ff57900000,0x000000ff57a00000) (1024K)]
  0x0000024afee83c50 WorkerThread "GC Thread#6"                     [id=28516, stack(0x000000ff57a00000,0x000000ff57b00000) (1024K)]
  0x0000024ac9047140 WorkerThread "GC Thread#7"                     [id=29748, stack(0x000000ff57c00000,0x000000ff57d00000) (1024K)]
  0x0000024ac9507820 WorkerThread "GC Thread#8"                     [id=27268, stack(0x000000ff58000000,0x000000ff58100000) (1024K)]
  0x0000024ac9538820 WorkerThread "GC Thread#9"                     [id=29872, stack(0x000000ff58100000,0x000000ff58200000) (1024K)]
Total: 12

Threads with active compile tasks:
C1 CompilerThread0  7212 5008   !   2       org.eclipse.jdt.internal.core.util.Util::getSourceAttachmentProperty (90 bytes)
Total: 1

VM state: not at safepoint (normal execution)

VM Mutex/Monitor currently owned by a thread:  ([mutex/lock_event])
[0x00007ff8ede2c4e0] Metaspace_lock - owner thread: 0x0000024ae9cdd340

Heap address: 0x0000000080000000, size: 2048 MB, Compressed Oops mode: 32-bit

CDS archive(s) mapped at: [0x0000024a84000000-0x0000024a84ba0000-0x0000024a84ba0000), size 12189696, SharedBaseAddress: 0x0000024a84000000, ArchiveRelocationMode: 1.
Compressed class space mapped at: 0x0000024a85000000-0x0000024ac5000000, reserved size: 1073741824
Narrow klass base: 0x0000024a84000000, Narrow klass shift: 0, Narrow klass range: 0x100000000

GC Precious Log:
 CardTable entry size: 512
 CPUs: 12 total, 12 available
 Memory: 15720M
 Large Page Support: Disabled
 NUMA Support: Disabled
 Compressed Oops: Enabled (32-bit)
 Alignments: Space 512K, Generation 512K, Heap 2M
 Heap Min Capacity: 100M
 Heap Initial Capacity: 100M
 Heap Max Capacity: 2G
 Pre-touch: Disabled
 Parallel Workers: 10

Heap:
 PSYoungGen      total 24064K, used 3290K [0x00000000d5580000, 0x00000000d7000000, 0x0000000100000000)
  eden space 22016K, 14% used [0x00000000d5580000,0x00000000d58b6968,0x00000000d6b00000)
  from space 2048K, 0% used [0x00000000d6b80000,0x00000000d6b80000,0x00000000d6d80000)
  to   space 2560K, 0% used [0x00000000d6d80000,0x00000000d6d80000,0x00000000d7000000)
 ParOldGen       total 68608K, used 23571K [0x0000000080000000, 0x0000000084300000, 0x00000000d5580000)
  object space 68608K, 34% used [0x0000000080000000,0x0000000081704f80,0x0000000084300000)
 Metaspace       used 34787K, committed 35904K, reserved 1114112K
  class space    used 3556K, committed 4032K, reserved 1048576K

Card table byte_map: [0x0000024ae96b0000,0x0000024ae9ac0000] _byte_map_base: 0x0000024ae92b0000

Marking Bits: (ParMarkBitMap*) 0x00007ff8ede33450
 Begin Bits: [0x0000024a80000000, 0x0000024a82000000)
 End Bits:   [0x0000024a82000000, 0x0000024a84000000)

Polling page: 0x0000024ae94a0000

Metaspace:

Usage:
  Non-class:     30.50 MB used.
      Class:      3.47 MB used.
       Both:     33.97 MB used.

Virtual space:
  Non-class space:       64.00 MB reserved,      31.12 MB ( 49%) committed,  1 nodes.
      Class space:        1.00 GB reserved,       3.94 MB ( <1%) committed,  1 nodes.
             Both:        1.06 GB reserved,      35.06 MB (  3%) committed. 

Chunk freelists:
   Non-Class:  630.00 KB
       Class:  12.01 MB
        Both:  12.63 MB

MaxMetaspaceSize: unlimited
CompressedClassSpaceSize: 1.00 GB
Initial GC threshold: 21.00 MB
Current GC threshold: 58.38 MB
CDS: on
 - commit_granule_bytes: 65536.
 - commit_granule_words: 8192.
 - virtual_space_node_default_size: 8388608.
 - enlarge_chunks_in_place: 1.
 - use_allocation_guard: 0.


Internal statistics:

num_allocs_failed_limit: 6.
num_arena_births: 894.
num_arena_deaths: 14.
num_vsnodes_births: 2.
num_vsnodes_deaths: 0.
num_space_committed: 561.
num_space_uncommitted: 0.
num_chunks_returned_to_freelist: 20.
num_chunks_taken_from_freelist: 2430.
num_chunk_merges: 6.
num_chunk_splits: 1516.
num_chunks_enlarged: 871.
num_inconsistent_stats: 0.

CodeHeap 'non-profiled nmethods': size=120000Kb used=1958Kb max_used=2272Kb free=118041Kb
 bounds [0x0000024af49b0000, 0x0000024af4c20000, 0x0000024afbee0000]
CodeHeap 'profiled nmethods': size=120000Kb used=8949Kb max_used=10554Kb free=111050Kb
 bounds [0x0000024aecee0000, 0x0000024aed930000, 0x0000024af4410000]
CodeHeap 'non-nmethods': size=5760Kb used=1353Kb max_used=1394Kb free=4406Kb
 bounds [0x0000024af4410000, 0x0000024af4680000, 0x0000024af49b0000]
CodeCache: size=245760Kb, used=12260Kb, max_used=14220Kb, free=233497Kb
 total_blobs=5053, nmethods=4404, adapters=555, full_count=0
Compilation: enabled, stopped_count=0, restarted_count=0

Compilation events (20 events):
Event: 7.081 Thread 0x0000024ae9d98c30 nmethod 4988 0x0000024aecf85c10 code [0x0000024aecf85da0, 0x0000024aecf85ee0]
Event: 7.081 Thread 0x0000024ae9d8b5c0 4922       4       sun.reflect.generics.parser.SignatureParser::current (59 bytes)
Event: 7.081 Thread 0x0000024ae9d98c30 4989       2       sun.reflect.generics.parser.SignatureParser::init (16 bytes)
Event: 7.081 Thread 0x0000024ae9d98c30 nmethod 4989 0x0000024aed07e290 code [0x0000024aed07e420, 0x0000024aed07e550]
Event: 7.082 Thread 0x0000024ae9d8b5c0 nmethod 4922 0x0000024af49d0e10 code [0x0000024af49d0fc0, 0x0000024af49d1118]
Event: 7.082 Thread 0x0000024ae9d8b5c0 4952       4       sun.reflect.generics.parser.SignatureParser::advance (53 bytes)
Event: 7.083 Thread 0x0000024ae9d8b5c0 nmethod 4952 0x0000024af49d1590 code [0x0000024af49d1720, 0x0000024af49d1810]
Event: 7.083 Thread 0x0000024ae9d8b5c0 4818       4       java.util.AbstractList::<init> (10 bytes)
Event: 7.083 Thread 0x0000024ae9d8b5c0 nmethod 4818 0x0000024af49f2e90 code [0x0000024af49f3020, 0x0000024af49f30b0]
Event: 7.083 Thread 0x0000024ae9d8b5c0 4810       4       java.lang.String::compareTo (9 bytes)
Event: 7.084 Thread 0x0000024ae9d98c30 4990       2       java.lang.invoke.DirectMethodHandle$Holder::newInvokeSpecial (28 bytes)
Event: 7.084 Thread 0x0000024ae9d98c30 nmethod 4990 0x0000024aecf0ed90 code [0x0000024aecf0ef60, 0x0000024aecf0f168]
Event: 7.084 Thread 0x0000024ae9d8b5c0 nmethod 4810 0x0000024af49ef910 code [0x0000024af49efaa0, 0x0000024af49efd00]
Event: 7.084 Thread 0x0000024ae9d8b5c0 4627       4       java.util.TreeMap::addEntry (59 bytes)
Event: 7.086 Thread 0x0000024ac9b878b0 nmethod 4594 0x0000024af4a4be90 code [0x0000024af4a4c040, 0x0000024af4a4c4a8]
Event: 7.087 Thread 0x0000024ac9b878b0 4632       4       java.util.TreeMap::putIfAbsent (8 bytes)
Event: 7.087 Thread 0x0000024ae9d98c30 4992   !   3       java.lang.reflect.Executable::declaredAnnotations (85 bytes)
Event: 7.088 Thread 0x0000024ae9d98c30 nmethod 4992 0x0000024aed058510 code [0x0000024aed058760, 0x0000024aed059020]
Event: 7.089 Thread 0x0000024ae9d98c30 4993       2       java.lang.Class::copyMethods (36 bytes)
Event: 7.090 Thread 0x0000024ae9d98c30 nmethod 4993 0x0000024aecf3f810 code [0x0000024aecf3fa00, 0x0000024aecf3fe58]

GC Heap History (20 events):
Event: 5.422 GC heap before
{Heap before GC invocations=6 (full 0):
 PSYoungGen      total 29184K, used 29182K [0x00000000d5580000, 0x00000000d7900000, 0x0000000100000000)
  eden space 25088K, 100% used [0x00000000d5580000,0x00000000d6e00000,0x00000000d6e00000)
  from space 4096K, 99% used [0x00000000d6e80000,0x00000000d727fb90,0x00000000d7280000)
  to   space 5632K, 0% used [0x00000000d7380000,0x00000000d7380000,0x00000000d7900000)
 ParOldGen       total 68608K, used 7962K [0x0000000080000000, 0x0000000084300000, 0x00000000d5580000)
  object space 68608K, 11% used [0x0000000080000000,0x00000000807c6b78,0x0000000084300000)
 Metaspace       used 18390K, committed 19136K, reserved 1114112K
  class space    used 1925K, committed 2240K, reserved 1048576K
}
Event: 5.427 GC heap after
{Heap after GC invocations=6 (full 0):
 PSYoungGen      total 29696K, used 5627K [0x00000000d5580000, 0x00000000d7a80000, 0x0000000100000000)
  eden space 24064K, 0% used [0x00000000d5580000,0x00000000d5580000,0x00000000d6d00000)
  from space 5632K, 99% used [0x00000000d7380000,0x00000000d78fec28,0x00000000d7900000)
  to   space 6656K, 0% used [0x00000000d6d00000,0x00000000d6d00000,0x00000000d7380000)
 ParOldGen       total 68608K, used 8482K [0x0000000080000000, 0x0000000084300000, 0x00000000d5580000)
  object space 68608K, 12% used [0x0000000080000000,0x0000000080848b78,0x0000000084300000)
 Metaspace       used 18390K, committed 19136K, reserved 1114112K
  class space    used 1925K, committed 2240K, reserved 1048576K
}
Event: 5.788 GC heap before
{Heap before GC invocations=7 (full 0):
 PSYoungGen      total 29696K, used 29402K [0x00000000d5580000, 0x00000000d7a80000, 0x0000000100000000)
  eden space 24064K, 98% used [0x00000000d5580000,0x00000000d6cb7c40,0x00000000d6d00000)
  from space 5632K, 99% used [0x00000000d7380000,0x00000000d78fec28,0x00000000d7900000)
  to   space 6656K, 0% used [0x00000000d6d00000,0x00000000d6d00000,0x00000000d7380000)
 ParOldGen       total 68608K, used 8482K [0x0000000080000000, 0x0000000084300000, 0x00000000d5580000)
  object space 68608K, 12% used [0x0000000080000000,0x0000000080848b78,0x0000000084300000)
 Metaspace       used 20641K, committed 21504K, reserved 1114112K
  class space    used 2189K, committed 2560K, reserved 1048576K
}
Event: 5.796 GC heap after
{Heap after GC invocations=7 (full 0):
 PSYoungGen      total 30720K, used 5566K [0x00000000d5580000, 0x00000000d7980000, 0x0000000100000000)
  eden space 24064K, 0% used [0x00000000d5580000,0x00000000d5580000,0x00000000d6d00000)
  from space 6656K, 83% used [0x00000000d6d00000,0x00000000d726fa20,0x00000000d7380000)
  to   space 6144K, 0% used [0x00000000d7380000,0x00000000d7380000,0x00000000d7980000)
 ParOldGen       total 68608K, used 9926K [0x0000000080000000, 0x0000000084300000, 0x00000000d5580000)
  object space 68608K, 14% used [0x0000000080000000,0x00000000809b1b50,0x0000000084300000)
 Metaspace       used 20641K, committed 21504K, reserved 1114112K
  class space    used 2189K, committed 2560K, reserved 1048576K
}
Event: 5.796 GC heap before
{Heap before GC invocations=8 (full 1):
 PSYoungGen      total 30720K, used 5566K [0x00000000d5580000, 0x00000000d7980000, 0x0000000100000000)
  eden space 24064K, 0% used [0x00000000d5580000,0x00000000d5580000,0x00000000d6d00000)
  from space 6656K, 83% used [0x00000000d6d00000,0x00000000d726fa20,0x00000000d7380000)
  to   space 6144K, 0% used [0x00000000d7380000,0x00000000d7380000,0x00000000d7980000)
 ParOldGen       total 68608K, used 9926K [0x0000000080000000, 0x0000000084300000, 0x00000000d5580000)
  object space 68608K, 14% used [0x0000000080000000,0x00000000809b1b50,0x0000000084300000)
 Metaspace       used 20641K, committed 21504K, reserved 1114112K
  class space    used 2189K, committed 2560K, reserved 1048576K
}
Event: 5.836 GC heap after
{Heap after GC invocations=8 (full 1):
 PSYoungGen      total 30720K, used 0K [0x00000000d5580000, 0x00000000d7980000, 0x0000000100000000)
  eden space 24064K, 0% used [0x00000000d5580000,0x00000000d5580000,0x00000000d6d00000)
  from space 6656K, 0% used [0x00000000d6d00000,0x00000000d6d00000,0x00000000d7380000)
  to   space 6144K, 0% used [0x00000000d7380000,0x00000000d7380000,0x00000000d7980000)
 ParOldGen       total 68608K, used 14766K [0x0000000080000000, 0x0000000084300000, 0x00000000d5580000)
  object space 68608K, 21% used [0x0000000080000000,0x0000000080e6bba8,0x0000000084300000)
 Metaspace       used 20628K, committed 21504K, reserved 1114112K
  class space    used 2186K, committed 2560K, reserved 1048576K
}
Event: 6.098 GC heap before
{Heap before GC invocations=9 (full 1):
 PSYoungGen      total 30720K, used 24064K [0x00000000d5580000, 0x00000000d7980000, 0x0000000100000000)
  eden space 24064K, 100% used [0x00000000d5580000,0x00000000d6d00000,0x00000000d6d00000)
  from space 6656K, 0% used [0x00000000d6d00000,0x00000000d6d00000,0x00000000d7380000)
  to   space 6144K, 0% used [0x00000000d7380000,0x00000000d7380000,0x00000000d7980000)
 ParOldGen       total 68608K, used 14766K [0x0000000080000000, 0x0000000084300000, 0x00000000d5580000)
  object space 68608K, 21% used [0x0000000080000000,0x0000000080e6bba8,0x0000000084300000)
 Metaspace       used 22421K, committed 23424K, reserved 1114112K
  class space    used 2356K, committed 2752K, reserved 1048576K
}
Event: 6.100 GC heap after
{Heap after GC invocations=9 (full 1):
 PSYoungGen      total 27136K, used 3435K [0x00000000d5580000, 0x00000000d7700000, 0x0000000100000000)
  eden space 23552K, 0% used [0x00000000d5580000,0x00000000d5580000,0x00000000d6c80000)
  from space 3584K, 95% used [0x00000000d7380000,0x00000000d76dadf0,0x00000000d7700000)
  to   space 4608K, 0% used [0x00000000d6e00000,0x00000000d6e00000,0x00000000d7280000)
 ParOldGen       total 68608K, used 14774K [0x0000000080000000, 0x0000000084300000, 0x00000000d5580000)
  object space 68608K, 21% used [0x0000000080000000,0x0000000080e6dba8,0x0000000084300000)
 Metaspace       used 22421K, committed 23424K, reserved 1114112K
  class space    used 2356K, committed 2752K, reserved 1048576K
}
Event: 6.303 GC heap before
{Heap before GC invocations=10 (full 1):
 PSYoungGen      total 27136K, used 26987K [0x00000000d5580000, 0x00000000d7700000, 0x0000000100000000)
  eden space 23552K, 100% used [0x00000000d5580000,0x00000000d6c80000,0x00000000d6c80000)
  from space 3584K, 95% used [0x00000000d7380000,0x00000000d76dadf0,0x00000000d7700000)
  to   space 4608K, 0% used [0x00000000d6e00000,0x00000000d6e00000,0x00000000d7280000)
 ParOldGen       total 68608K, used 14774K [0x0000000080000000, 0x0000000084300000, 0x00000000d5580000)
  object space 68608K, 21% used [0x0000000080000000,0x0000000080e6dba8,0x0000000084300000)
 Metaspace       used 25739K, committed 26688K, reserved 1114112K
  class space    used 2601K, committed 3008K, reserved 1048576K
}
Event: 6.305 GC heap after
{Heap after GC invocations=10 (full 1):
 PSYoungGen      total 27136K, used 3775K [0x00000000d5580000, 0x00000000d7400000, 0x0000000100000000)
  eden space 23040K, 0% used [0x00000000d5580000,0x00000000d5580000,0x00000000d6c00000)
  from space 4096K, 92% used [0x00000000d6e00000,0x00000000d71affd8,0x00000000d7200000)
  to   space 2048K, 0% used [0x00000000d7200000,0x00000000d7200000,0x00000000d7400000)
 ParOldGen       total 68608K, used 14782K [0x0000000080000000, 0x0000000084300000, 0x00000000d5580000)
  object space 68608K, 21% used [0x0000000080000000,0x0000000080e6fba8,0x0000000084300000)
 Metaspace       used 25739K, committed 26688K, reserved 1114112K
  class space    used 2601K, committed 3008K, reserved 1048576K
}
Event: 6.488 GC heap before
{Heap before GC invocations=11 (full 1):
 PSYoungGen      total 27136K, used 26790K [0x00000000d5580000, 0x00000000d7400000, 0x0000000100000000)
  eden space 23040K, 99% used [0x00000000d5580000,0x00000000d6bf9a08,0x00000000d6c00000)
  from space 4096K, 92% used [0x00000000d6e00000,0x00000000d71affd8,0x00000000d7200000)
  to   space 2048K, 0% used [0x00000000d7200000,0x00000000d7200000,0x00000000d7400000)
 ParOldGen       total 68608K, used 14782K [0x0000000080000000, 0x0000000084300000, 0x00000000d5580000)
  object space 68608K, 21% used [0x0000000080000000,0x0000000080e6fba8,0x0000000084300000)
 Metaspace       used 27333K, committed 28288K, reserved 1114112K
  class space    used 2700K, committed 3072K, reserved 1048576K
}
Event: 6.491 GC heap after
{Heap after GC invocations=11 (full 1):
 PSYoungGen      total 24576K, used 2039K [0x00000000d5580000, 0x00000000d7480000, 0x0000000100000000)
  eden space 22528K, 0% used [0x00000000d5580000,0x00000000d5580000,0x00000000d6b80000)
  from space 2048K, 99% used [0x00000000d7200000,0x00000000d73fdd08,0x00000000d7400000)
  to   space 4608K, 0% used [0x00000000d6b80000,0x00000000d6b80000,0x00000000d7000000)
 ParOldGen       total 68608K, used 16905K [0x0000000080000000, 0x0000000084300000, 0x00000000d5580000)
  object space 68608K, 24% used [0x0000000080000000,0x00000000810824d8,0x0000000084300000)
 Metaspace       used 27333K, committed 28288K, reserved 1114112K
  class space    used 2700K, committed 3072K, reserved 1048576K
}
Event: 6.817 GC heap before
{Heap before GC invocations=12 (full 1):
 PSYoungGen      total 24576K, used 24543K [0x00000000d5580000, 0x00000000d7480000, 0x0000000100000000)
  eden space 22528K, 99% used [0x00000000d5580000,0x00000000d6b79f80,0x00000000d6b80000)
  from space 2048K, 99% used [0x00000000d7200000,0x00000000d73fdd08,0x00000000d7400000)
  to   space 4608K, 0% used [0x00000000d6b80000,0x00000000d6b80000,0x00000000d7000000)
 ParOldGen       total 68608K, used 16905K [0x0000000080000000, 0x0000000084300000, 0x00000000d5580000)
  object space 68608K, 24% used [0x0000000080000000,0x00000000810824d8,0x0000000084300000)
 Metaspace       used 30500K, committed 31616K, reserved 1114112K
  class space    used 3016K, committed 3456K, reserved 1048576K
}
Event: 6.820 GC heap after
{Heap after GC invocations=12 (full 1):
 PSYoungGen      total 24576K, used 2508K [0x00000000d5580000, 0x00000000d7280000, 0x0000000100000000)
  eden space 22016K, 0% used [0x00000000d5580000,0x00000000d5580000,0x00000000d6b00000)
  from space 2560K, 97% used [0x00000000d6b80000,0x00000000d6df3288,0x00000000d6e00000)
  to   space 3584K, 0% used [0x00000000d6f00000,0x00000000d6f00000,0x00000000d7280000)
 ParOldGen       total 68608K, used 18840K [0x0000000080000000, 0x0000000084300000, 0x00000000d5580000)
  object space 68608K, 27% used [0x0000000080000000,0x0000000081266218,0x0000000084300000)
 Metaspace       used 30500K, committed 31616K, reserved 1114112K
  class space    used 3016K, committed 3456K, reserved 1048576K
}
Event: 6.925 GC heap before
{Heap before GC invocations=13 (full 1):
 PSYoungGen      total 24576K, used 24524K [0x00000000d5580000, 0x00000000d7280000, 0x0000000100000000)
  eden space 22016K, 100% used [0x00000000d5580000,0x00000000d6b00000,0x00000000d6b00000)
  from space 2560K, 97% used [0x00000000d6b80000,0x00000000d6df3288,0x00000000d6e00000)
  to   space 3584K, 0% used [0x00000000d6f00000,0x00000000d6f00000,0x00000000d7280000)
 ParOldGen       total 68608K, used 18840K [0x0000000080000000, 0x0000000084300000, 0x00000000d5580000)
  object space 68608K, 27% used [0x0000000080000000,0x0000000081266218,0x0000000084300000)
 Metaspace       used 33201K, committed 34368K, reserved 1114112K
  class space    used 3343K, committed 3840K, reserved 1048576K
}
Event: 6.926 GC heap after
{Heap after GC invocations=13 (full 1):
 PSYoungGen      total 24576K, used 2535K [0x00000000d5580000, 0x00000000d7180000, 0x0000000100000000)
  eden space 22016K, 0% used [0x00000000d5580000,0x00000000d5580000,0x00000000d6b00000)
  from space 2560K, 99% used [0x00000000d6f00000,0x00000000d7179f80,0x00000000d7180000)
  to   space 3072K, 0% used [0x00000000d6b80000,0x00000000d6b80000,0x00000000d6e80000)
 ParOldGen       total 68608K, used 21031K [0x0000000080000000, 0x0000000084300000, 0x00000000d5580000)
  object space 68608K, 30% used [0x0000000080000000,0x0000000081489f98,0x0000000084300000)
 Metaspace       used 33201K, committed 34368K, reserved 1114112K
  class space    used 3343K, committed 3840K, reserved 1048576K
}
Event: 7.046 GC heap before
{Heap before GC invocations=14 (full 1):
 PSYoungGen      total 24576K, used 19217K [0x00000000d5580000, 0x00000000d7180000, 0x0000000100000000)
  eden space 22016K, 75% used [0x00000000d5580000,0x00000000d65ca7b0,0x00000000d6b00000)
  from space 2560K, 99% used [0x00000000d6f00000,0x00000000d7179f80,0x00000000d7180000)
  to   space 3072K, 0% used [0x00000000d6b80000,0x00000000d6b80000,0x00000000d6e80000)
 ParOldGen       total 68608K, used 21031K [0x0000000080000000, 0x0000000084300000, 0x00000000d5580000)
  object space 68608K, 30% used [0x0000000080000000,0x0000000081489f98,0x0000000084300000)
 Metaspace       used 34754K, committed 35840K, reserved 1114112K
  class space    used 3551K, committed 4032K, reserved 1048576K
}
Event: 7.048 GC heap after
{Heap after GC invocations=14 (full 1):
 PSYoungGen      total 24064K, used 1952K [0x00000000d5580000, 0x00000000d7000000, 0x0000000100000000)
  eden space 22016K, 0% used [0x00000000d5580000,0x00000000d5580000,0x00000000d6b00000)
  from space 2048K, 95% used [0x00000000d6b80000,0x00000000d6d68000,0x00000000d6d80000)
  to   space 2560K, 0% used [0x00000000d6d80000,0x00000000d6d80000,0x00000000d7000000)
 ParOldGen       total 68608K, used 23000K [0x0000000080000000, 0x0000000084300000, 0x00000000d5580000)
  object space 68608K, 33% used [0x0000000080000000,0x0000000081676378,0x0000000084300000)
 Metaspace       used 34754K, committed 35840K, reserved 1114112K
  class space    used 3551K, committed 4032K, reserved 1048576K
}
Event: 7.048 GC heap before
{Heap before GC invocations=15 (full 2):
 PSYoungGen      total 24064K, used 1952K [0x00000000d5580000, 0x00000000d7000000, 0x0000000100000000)
  eden space 22016K, 0% used [0x00000000d5580000,0x00000000d5580000,0x00000000d6b00000)
  from space 2048K, 95% used [0x00000000d6b80000,0x00000000d6d68000,0x00000000d6d80000)
  to   space 2560K, 0% used [0x00000000d6d80000,0x00000000d6d80000,0x00000000d7000000)
 ParOldGen       total 68608K, used 23000K [0x0000000080000000, 0x0000000084300000, 0x00000000d5580000)
  object space 68608K, 33% used [0x0000000080000000,0x0000000081676378,0x0000000084300000)
 Metaspace       used 34754K, committed 35840K, reserved 1114112K
  class space    used 3551K, committed 4032K, reserved 1048576K
}
Event: 7.078 GC heap after
{Heap after GC invocations=15 (full 2):
 PSYoungGen      total 24064K, used 0K [0x00000000d5580000, 0x00000000d7000000, 0x0000000100000000)
  eden space 22016K, 0% used [0x00000000d5580000,0x00000000d5580000,0x00000000d6b00000)
  from space 2048K, 0% used [0x00000000d6b80000,0x00000000d6b80000,0x00000000d6d80000)
  to   space 2560K, 0% used [0x00000000d6d80000,0x00000000d6d80000,0x00000000d7000000)
 ParOldGen       total 68608K, used 23571K [0x0000000080000000, 0x0000000084300000, 0x00000000d5580000)
  object space 68608K, 34% used [0x0000000080000000,0x0000000081704f80,0x0000000084300000)
 Metaspace       used 34754K, committed 35840K, reserved 1114112K
  class space    used 3551K, committed 4032K, reserved 1048576K
}

Dll operation events (10 events):
Event: 0.011 Loaded shared library c:\Users\Admin\.antigravity\extensions\redhat.java-1.54.0-win32-x64\jre\21.0.10-win32-x86_64\bin\java.dll
Event: 0.082 Loaded shared library c:\Users\Admin\.antigravity\extensions\redhat.java-1.54.0-win32-x64\jre\21.0.10-win32-x86_64\bin\zip.dll
Event: 0.109 Loaded shared library C:\Users\Admin\.antigravity\extensions\redhat.java-1.54.0-win32-x64\jre\21.0.10-win32-x86_64\bin\instrument.dll
Event: 0.115 Loaded shared library C:\Users\Admin\.antigravity\extensions\redhat.java-1.54.0-win32-x64\jre\21.0.10-win32-x86_64\bin\net.dll
Event: 0.118 Loaded shared library C:\Users\Admin\.antigravity\extensions\redhat.java-1.54.0-win32-x64\jre\21.0.10-win32-x86_64\bin\nio.dll
Event: 0.122 Loaded shared library C:\Users\Admin\.antigravity\extensions\redhat.java-1.54.0-win32-x64\jre\21.0.10-win32-x86_64\bin\zip.dll
Event: 0.204 Loaded shared library C:\Users\Admin\.antigravity\extensions\redhat.java-1.54.0-win32-x64\jre\21.0.10-win32-x86_64\bin\jimage.dll
Event: 0.287 Loaded shared library c:\Users\Admin\.antigravity\extensions\redhat.java-1.54.0-win32-x64\jre\21.0.10-win32-x86_64\bin\verify.dll
Event: 1.506 Loaded shared library C:\Users\Admin\AppData\Roaming\Antigravity\User\globalStorage\redhat.java\1.54.0\config_win\org.eclipse.equinox.launcher\org.eclipse.equinox.launcher.win32.win32.x86_64_1.3.0.v20260203-2149\eclipse_11919.dll
Event: 5.132 Loaded shared library C:\Users\Admin\AppData\Local\Temp\jna-63116079\jna2748647026358796548.dll

Deoptimization events (20 events):
Event: 7.014 Thread 0x0000024ac92806c0 Uncommon trap: trap_request=0xffffffde fr.pc=0x0000024af4b70dd4 relative=0x00000000000009d4
Event: 7.014 Thread 0x0000024ac92806c0 Uncommon trap: reason=class_check action=maybe_recompile pc=0x0000024af4b70dd4 method=java.io.BufferedInputStream.read1([BII)I @ 52 c2
Event: 7.014 Thread 0x0000024ac92806c0 DEOPT PACKING pc=0x0000024af4b70dd4 sp=0x000000ff586fe260
Event: 7.014 Thread 0x0000024ac92806c0 DEOPT UNPACKING pc=0x0000024af4463aa2 sp=0x000000ff586fe198 mode 2
Event: 7.026 Thread 0x0000024ac92813e0 DEOPT PACKING pc=0x0000024aed8b9c1f sp=0x000000ff585fec00
Event: 7.026 Thread 0x0000024ac92813e0 DEOPT UNPACKING pc=0x0000024af4464242 sp=0x000000ff585fe0d8 mode 0
Event: 7.031 Thread 0x0000024ac92813e0 DEOPT PACKING pc=0x0000024aed8b9c1f sp=0x000000ff585fec00
Event: 7.031 Thread 0x0000024ac92813e0 DEOPT UNPACKING pc=0x0000024af4464242 sp=0x000000ff585fe0d8 mode 0
Event: 7.036 Thread 0x0000024ac92813e0 DEOPT PACKING pc=0x0000024aed8b9c1f sp=0x000000ff585fec00
Event: 7.036 Thread 0x0000024ac92813e0 DEOPT UNPACKING pc=0x0000024af4464242 sp=0x000000ff585fe0d8 mode 0
Event: 7.041 Thread 0x0000024ac92813e0 DEOPT PACKING pc=0x0000024aed8b9c1f sp=0x000000ff585feca0
Event: 7.041 Thread 0x0000024ac92813e0 DEOPT UNPACKING pc=0x0000024af4464242 sp=0x000000ff585fe178 mode 0
Event: 7.045 Thread 0x0000024ac92813e0 DEOPT PACKING pc=0x0000024aed8b9c1f sp=0x000000ff585feca0
Event: 7.045 Thread 0x0000024ac92813e0 DEOPT UNPACKING pc=0x0000024af4464242 sp=0x000000ff585fe178 mode 0
Event: 7.088 Thread 0x0000024ac92813e0 DEOPT PACKING pc=0x0000024aed8b9c1f sp=0x000000ff585feca0
Event: 7.088 Thread 0x0000024ac92813e0 DEOPT UNPACKING pc=0x0000024af4464242 sp=0x000000ff585fe178 mode 0
Event: 7.088 Thread 0x0000024ae9cdd340 Uncommon trap: trap_request=0xffffffde fr.pc=0x0000024af4b9026c relative=0x000000000000004c
Event: 7.088 Thread 0x0000024ae9cdd340 Uncommon trap: reason=class_check action=maybe_recompile pc=0x0000024af4b9026c method=java.lang.StringConcatHelper.stringOf(Ljava/lang/Object;)Ljava/lang/String; @ 5 c2
Event: 7.088 Thread 0x0000024ae9cdd340 DEOPT PACKING pc=0x0000024af4b9026c sp=0x000000ff565fe220
Event: 7.088 Thread 0x0000024ae9cdd340 DEOPT UNPACKING pc=0x0000024af4463aa2 sp=0x000000ff565fe1b0 mode 2

Classes loaded (20 events):
Event: 6.932 Loading class jdk/internal/vm/annotation/IntrinsicCandidate
Event: 6.932 Loading class jdk/internal/vm/annotation/IntrinsicCandidate done
Event: 6.958 Loading class sun/reflect/generics/tree/BottomSignature
Event: 6.958 Loading class sun/reflect/generics/tree/BottomSignature done
Event: 6.958 Loading class sun/reflect/generics/tree/Wildcard
Event: 6.959 Loading class sun/reflect/generics/tree/Wildcard done
Event: 6.959 Loading class sun/reflect/generics/reflectiveObjects/WildcardTypeImpl
Event: 6.959 Loading class sun/reflect/generics/reflectiveObjects/WildcardTypeImpl done
Event: 7.003 Loading class java/io/FileReader
Event: 7.003 Loading class java/io/FileReader done
Event: 7.008 Loading class sun/reflect/generics/tree/ArrayTypeSignature
Event: 7.008 Loading class sun/reflect/generics/tree/ArrayTypeSignature done
Event: 7.015 Loading class sun/reflect/generics/tree/BooleanSignature
Event: 7.015 Loading class sun/reflect/generics/tree/BooleanSignature done
Event: 7.041 Loading class java/util/concurrent/atomic/AtomicReferenceFieldUpdater
Event: 7.041 Loading class java/util/concurrent/atomic/AtomicReferenceFieldUpdater done
Event: 7.041 Loading class java/util/concurrent/atomic/AtomicReferenceFieldUpdater$AtomicReferenceFieldUpdaterImpl
Event: 7.042 Loading class java/util/concurrent/atomic/AtomicReferenceFieldUpdater$AtomicReferenceFieldUpdaterImpl done
Event: 7.042 Loading class java/util/concurrent/atomic/AtomicReferenceFieldUpdater$AtomicReferenceFieldUpdaterImpl$1
Event: 7.042 Loading class java/util/concurrent/atomic/AtomicReferenceFieldUpdater$AtomicReferenceFieldUpdaterImpl$1 done

Classes unloaded (7 events):
Event: 5.801 Thread 0x0000024afc774f40 Unloading class 0x0000024a851a6c00 'java/lang/invoke/LambdaForm$MH+0x0000024a851a6c00'
Event: 5.801 Thread 0x0000024afc774f40 Unloading class 0x0000024a851a6800 'java/lang/invoke/LambdaForm$MH+0x0000024a851a6800'
Event: 5.801 Thread 0x0000024afc774f40 Unloading class 0x0000024a851a6400 'java/lang/invoke/LambdaForm$MH+0x0000024a851a6400'
Event: 5.801 Thread 0x0000024afc774f40 Unloading class 0x0000024a851a6000 'java/lang/invoke/LambdaForm$MH+0x0000024a851a6000'
Event: 5.801 Thread 0x0000024afc774f40 Unloading class 0x0000024a851a5c00 'java/lang/invoke/LambdaForm$BMH+0x0000024a851a5c00'
Event: 5.801 Thread 0x0000024afc774f40 Unloading class 0x0000024a851a5800 'java/lang/invoke/LambdaForm$DMH+0x0000024a851a5800'
Event: 5.801 Thread 0x0000024afc774f40 Unloading class 0x0000024a851a4400 'java/lang/invoke/LambdaForm$DMH+0x0000024a851a4400'

Classes redefined (0 events):
No events

Internal exceptions (20 events):
Event: 6.902 Thread 0x0000024ac92813e0 Exception <a 'sun/nio/fs/WindowsException'{0x00000000d66e6040}> (0x00000000d66e6040) 
thrown [s\src\hotspot\share\prims\jni.cpp, line 520]
Event: 6.902 Thread 0x0000024ac92813e0 Exception <a 'sun/nio/fs/WindowsException'{0x00000000d66fe730}> (0x00000000d66fe730) 
thrown [s\src\hotspot\share\prims\jni.cpp, line 520]
Event: 6.902 Thread 0x0000024ac92813e0 Exception <a 'sun/nio/fs/WindowsException'{0x00000000d66feda8}> (0x00000000d66feda8) 
thrown [s\src\hotspot\share\prims\jni.cpp, line 520]
Event: 6.904 Thread 0x0000024ac92813e0 Exception <a 'java/lang/NoSuchMethodError'{0x00000000d6740998}: 'void java.lang.invoke.DirectMethodHandle$Holder.invokeVirtual(java.lang.Object, java.lang.Object, java.lang.Object, java.lang.Object)'> (0x00000000d6740998) 
thrown [s\src\hotspot\share\interpreter\linkResolver.cpp, line 773]
Event: 6.915 Thread 0x0000024ac92813e0 Exception <a 'java/io/FileNotFoundException'{0x00000000d68c5dc8}> (0x00000000d68c5dc8) 
thrown [s\src\hotspot\share\prims\jni.cpp, line 520]
Event: 6.950 Thread 0x0000024ac92813e0 Exception <a 'java/lang/NoSuchMethodError'{0x00000000d59d5248}: 'int java.lang.invoke.DirectMethodHandle$Holder.invokeSpecial(java.lang.Object, java.lang.Object, java.lang.Object, java.lang.Object)'> (0x00000000d59d5248) 
thrown [s\src\hotspot\share\interpreter\linkResolver.cpp, line 773]
Event: 6.968 Thread 0x0000024ac92813e0 Exception <a 'sun/nio/fs/WindowsException'{0x00000000d5c246b8}> (0x00000000d5c246b8) 
thrown [s\src\hotspot\share\prims\jni.cpp, line 520]
Event: 6.968 Thread 0x0000024ac92813e0 Exception <a 'sun/nio/fs/WindowsException'{0x00000000d5c24f58}> (0x00000000d5c24f58) 
thrown [s\src\hotspot\share\prims\jni.cpp, line 520]
Event: 6.969 Thread 0x0000024ac92813e0 Exception <a 'sun/nio/fs/WindowsException'{0x00000000d5c54f78}> (0x00000000d5c54f78) 
thrown [s\src\hotspot\share\prims\jni.cpp, line 520]
Event: 6.970 Thread 0x0000024ac92813e0 Exception <a 'sun/nio/fs/WindowsException'{0x00000000d5c555f0}> (0x00000000d5c555f0) 
thrown [s\src\hotspot\share\prims\jni.cpp, line 520]
Event: 6.989 Thread 0x0000024ac92813e0 Exception <a 'sun/nio/fs/WindowsException'{0x00000000d5e803c0}> (0x00000000d5e803c0) 
thrown [s\src\hotspot\share\prims\jni.cpp, line 520]
Event: 6.990 Thread 0x0000024ac92813e0 Exception <a 'sun/nio/fs/WindowsException'{0x00000000d5e80a38}> (0x00000000d5e80a38) 
thrown [s\src\hotspot\share\prims\jni.cpp, line 520]
Event: 7.014 Thread 0x0000024ac92813e0 Exception <a 'sun/nio/fs/WindowsException'{0x00000000d60b2ff0}> (0x00000000d60b2ff0) 
thrown [s\src\hotspot\share\prims\jni.cpp, line 520]
Event: 7.014 Thread 0x0000024ac92813e0 Exception <a 'sun/nio/fs/WindowsException'{0x00000000d60b3668}> (0x00000000d60b3668) 
thrown [s\src\hotspot\share\prims\jni.cpp, line 520]
Event: 7.017 Thread 0x0000024ac92813e0 Exception <a 'sun/nio/fs/WindowsException'{0x00000000d617aee8}> (0x00000000d617aee8) 
thrown [s\src\hotspot\share\prims\jni.cpp, line 520]
Event: 7.017 Thread 0x0000024ac92813e0 Exception <a 'sun/nio/fs/WindowsException'{0x00000000d617b560}> (0x00000000d617b560) 
thrown [s\src\hotspot\share\prims\jni.cpp, line 520]
Event: 7.029 Thread 0x0000024ac92806c0 Exception <a 'java/lang/NoSuchMethodError'{0x00000000d62af598}: 'java.lang.Object java.lang.invoke.DirectMethodHandle$Holder.invokeSpecialIFC(java.lang.Object, java.lang.Object, java.lang.Object, java.lang.Object)'> (0x00000000d62af598) 
thrown [s\src\hotspot\share\interpreter\linkResolver.cpp, line 773]
Event: 7.085 Thread 0x0000024ae9cdd340 Exception <a 'java/lang/NoSuchMethodError'{0x00000000d55969a8}: 'void java.lang.invoke.DirectMethodHandle$Holder.invokeSpecial(java.lang.Object, java.lang.Object, java.lang.Object, java.lang.Object, java.lang.Object, java.lang.Object)'> (0x00000000d55969a8) 
thrown [s\src\hotspot\share\interpreter\linkResolver.cpp, line 773]
Event: 7.088 Thread 0x0000024ae9cdd340 Exception <a 'java/lang/IncompatibleClassChangeError'{0x00000000d55ccc20}: Found class java.lang.Object, but interface was expected> (0x00000000d55ccc20) 
thrown [s\src\hotspot\share\interpreter\linkResolver.cpp, line 840]
Event: 7.089 Thread 0x0000024ae9cdd340 Exception <a 'java/lang/IncompatibleClassChangeError'{0x00000000d55ceae0}: Found class java.lang.Object, but interface was expected> (0x00000000d55ceae0) 
thrown [s\src\hotspot\share\interpreter\linkResolver.cpp, line 840]

ZGC Phase Switch (0 events):
No events

VM Operations (20 events):
Event: 5.788 Executing safepoint VM operation: CollectForMetadataAllocation (Metadata GC Threshold)
Event: 5.836 Executing safepoint VM operation: CollectForMetadataAllocation (Metadata GC Threshold) done
Event: 6.098 Executing safepoint VM operation: ParallelGCFailedAllocation (Allocation Failure)
Event: 6.100 Executing safepoint VM operation: ParallelGCFailedAllocation (Allocation Failure) done
Event: 6.303 Executing safepoint VM operation: ParallelGCFailedAllocation (Allocation Failure)
Event: 6.305 Executing safepoint VM operation: ParallelGCFailedAllocation (Allocation Failure) done
Event: 6.488 Executing safepoint VM operation: ParallelGCFailedAllocation (Allocation Failure)
Event: 6.491 Executing safepoint VM operation: ParallelGCFailedAllocation (Allocation Failure) done
Event: 6.618 Executing non-safepoint VM operation: HandshakeAllThreads (Deoptimize)
Event: 6.618 Executing non-safepoint VM operation: HandshakeAllThreads (Deoptimize) done
Event: 6.711 Executing non-safepoint VM operation: HandshakeAllThreads (Deoptimize)
Event: 6.711 Executing non-safepoint VM operation: HandshakeAllThreads (Deoptimize) done
Event: 6.816 Executing safepoint VM operation: ParallelGCFailedAllocation (Allocation Failure)
Event: 6.820 Executing safepoint VM operation: ParallelGCFailedAllocation (Allocation Failure) done
Event: 6.925 Executing safepoint VM operation: ParallelGCFailedAllocation (Allocation Failure)
Event: 6.926 Executing safepoint VM operation: ParallelGCFailedAllocation (Allocation Failure) done
Event: 6.994 Executing non-safepoint VM operation: HandshakeAllThreads (Deoptimize)
Event: 6.994 Executing non-safepoint VM operation: HandshakeAllThreads (Deoptimize) done
Event: 7.045 Executing safepoint VM operation: CollectForMetadataAllocation (Metadata GC Threshold)
Event: 7.078 Executing safepoint VM operation: CollectForMetadataAllocation (Metadata GC Threshold) done

Memory protections (0 events):
No events

Nmethod flushes (20 events):
Event: 7.062 Thread 0x0000024afc774f40 flushing  nmethod 0x0000024aed57f090
Event: 7.062 Thread 0x0000024afc774f40 flushing  nmethod 0x0000024aed57fd90
Event: 7.062 Thread 0x0000024afc774f40 flushing  nmethod 0x0000024aed581910
Event: 7.062 Thread 0x0000024afc774f40 flushing  nmethod 0x0000024aed583310
Event: 7.062 Thread 0x0000024afc774f40 flushing  nmethod 0x0000024aed5a3790
Event: 7.062 Thread 0x0000024afc774f40 flushing  nmethod 0x0000024aed5c1610
Event: 7.062 Thread 0x0000024afc774f40 flushing  nmethod 0x0000024aed5c2990
Event: 7.062 Thread 0x0000024afc774f40 flushing  nmethod 0x0000024aed5cae90
Event: 7.062 Thread 0x0000024afc774f40 flushing  nmethod 0x0000024aed5d4d90
Event: 7.062 Thread 0x0000024afc774f40 flushing  nmethod 0x0000024aed63a410
Event: 7.062 Thread 0x0000024afc774f40 flushing  nmethod 0x0000024aed63b910
Event: 7.062 Thread 0x0000024afc774f40 flushing  nmethod 0x0000024aed656790
Event: 7.062 Thread 0x0000024afc774f40 flushing  nmethod 0x0000024aed673510
Event: 7.062 Thread 0x0000024afc774f40 flushing  nmethod 0x0000024aed674810
Event: 7.062 Thread 0x0000024afc774f40 flushing  nmethod 0x0000024aed679190
Event: 7.062 Thread 0x0000024afc774f40 flushing  nmethod 0x0000024aed68d690
Event: 7.062 Thread 0x0000024afc774f40 flushing  nmethod 0x0000024aed68e990
Event: 7.062 Thread 0x0000024afc774f40 flushing  nmethod 0x0000024aed696510
Event: 7.062 Thread 0x0000024afc774f40 flushing  nmethod 0x0000024aed6b6e10
Event: 7.062 Thread 0x0000024afc774f40 flushing  nmethod 0x0000024aed6b9d10

Events (20 events):
Event: 5.239 Thread 0x0000024ac90f0230 Thread added: 0x0000024ac92806c0
Event: 6.203 Thread 0x0000024ac94f69b0 Thread exited: 0x0000024ac94f69b0
Event: 6.446 Thread 0x0000024ae9d98c30 Thread added: 0x0000024ac9b878b0
Event: 6.601 Thread 0x0000024ac90f0230 Thread added: 0x0000024ac9280030
Event: 6.827 Thread 0x0000024ac92806c0 Thread added: 0x0000024ac9b10cd0
Event: 6.851 Thread 0x0000024ac9b10cd0 Thread added: 0x0000024ac9b11360
Event: 6.868 Thread 0x0000024ae9cdd340 Thread added: 0x0000024ac9b14150
Event: 6.868 Thread 0x0000024ae9cdd340 Thread added: 0x0000024ac9b12da0
Event: 6.868 Thread 0x0000024ae9cdd340 Thread added: 0x0000024ac9b10640
Event: 6.869 Thread 0x0000024ae9cdd340 Thread added: 0x0000024ac9b119f0
Event: 6.869 Thread 0x0000024ae9cdd340 Thread added: 0x0000024ac9b13ac0
Event: 6.869 Thread 0x0000024ae9cdd340 Thread added: 0x0000024ac9b0e570
Event: 6.869 Thread 0x0000024ae9cdd340 Thread added: 0x0000024ac9b12080
Event: 6.869 Thread 0x0000024ae9cdd340 Thread added: 0x0000024ac9b12710
Event: 6.869 Thread 0x0000024ae9cdd340 Thread added: 0x0000024ac9b0ec00
Event: 6.869 Thread 0x0000024ae9cdd340 Thread added: 0x0000024ac9b147e0
Event: 6.870 Thread 0x0000024ae9cdd340 Thread added: 0x0000024ac9b13430
Event: 6.870 Thread 0x0000024ae9cdd340 Thread added: 0x0000024ac9b0dee0
Event: 6.870 Thread 0x0000024ae9cdd340 Thread added: 0x0000024ac9b14e70
Event: 6.909 Thread 0x0000024ae9cdd340 Thread added: 0x0000024ac9b15500


Dynamic libraries:
0x00007ff60f4a0000 - 0x00007ff60f4ae000 	c:\Users\Admin\.antigravity\extensions\redhat.java-1.54.0-win32-x64\jre\21.0.10-win32-x86_64\bin\java.exe
0x00007ff93b910000 - 0x00007ff93bb28000 	C:\Windows\SYSTEM32\ntdll.dll
0x00007ff93a6d0000 - 0x00007ff93a794000 	C:\Windows\System32\KERNEL32.DLL
0x00007ff938a20000 - 0x00007ff938df3000 	C:\Windows\System32\KERNELBASE.dll
0x00007ff939490000 - 0x00007ff9395a1000 	C:\Windows\System32\ucrtbase.dll
0x00007ff91e320000 - 0x00007ff91e338000 	c:\Users\Admin\.antigravity\extensions\redhat.java-1.54.0-win32-x64\jre\21.0.10-win32-x86_64\bin\jli.dll
0x00007ff93afd0000 - 0x00007ff93b182000 	C:\Windows\System32\USER32.dll
0x00007ff9391d0000 - 0x00007ff9391f6000 	C:\Windows\System32\win32u.dll
0x00007ff939690000 - 0x00007ff9396b9000 	C:\Windows\System32\GDI32.dll
0x00007ff938f70000 - 0x00007ff93908b000 	C:\Windows\System32\gdi32full.dll
0x00007ff9392b0000 - 0x00007ff93934a000 	C:\Windows\System32\msvcp_win.dll
0x00007ff925e80000 - 0x00007ff92611c000 	C:\Windows\WinSxS\amd64_microsoft.windows.common-controls_6595b64144ccf1df_6.0.22621.6060_none_2712eda17382d24b\COMCTL32.dll
0x00007ff9396c0000 - 0x00007ff939767000 	C:\Windows\System32\msvcrt.dll
0x00007ff91b920000 - 0x00007ff91b93e000 	c:\Users\Admin\.antigravity\extensions\redhat.java-1.54.0-win32-x64\jre\21.0.10-win32-x86_64\bin\VCRUNTIME140.dll
0x00007ff93a7a0000 - 0x00007ff93a7d1000 	C:\Windows\System32\IMM32.DLL
0x00007ff932cd0000 - 0x00007ff932cdc000 	c:\Users\Admin\.antigravity\extensions\redhat.java-1.54.0-win32-x64\jre\21.0.10-win32-x86_64\bin\vcruntime140_1.dll
0x00007ff904c10000 - 0x00007ff904c9d000 	c:\Users\Admin\.antigravity\extensions\redhat.java-1.54.0-win32-x64\jre\21.0.10-win32-x86_64\bin\msvcp140.dll
0x00007ff8ed170000 - 0x00007ff8edf11000 	c:\Users\Admin\.antigravity\extensions\redhat.java-1.54.0-win32-x64\jre\21.0.10-win32-x86_64\bin\server\jvm.dll
0x00007ff93b810000 - 0x00007ff93b8c1000 	C:\Windows\System32\ADVAPI32.dll
0x00007ff93a810000 - 0x00007ff93a8b8000 	C:\Windows\System32\sechost.dll
0x00007ff939280000 - 0x00007ff9392a8000 	C:\Windows\System32\bcrypt.dll
0x00007ff93adb0000 - 0x00007ff93aec8000 	C:\Windows\System32\RPCRT4.dll
0x00007ff93b630000 - 0x00007ff93b6a1000 	C:\Windows\System32\WS2_32.dll
0x00007ff9388f0000 - 0x00007ff93893d000 	C:\Windows\SYSTEM32\POWRPROF.dll
0x00007ff9332f0000 - 0x00007ff933324000 	C:\Windows\SYSTEM32\WINMM.dll
0x00007ff930730000 - 0x00007ff93073a000 	C:\Windows\SYSTEM32\VERSION.dll
0x00007ff9388d0000 - 0x00007ff9388e3000 	C:\Windows\SYSTEM32\UMPDC.dll
0x00007ff9379d0000 - 0x00007ff9379e8000 	C:\Windows\SYSTEM32\kernel.appcore.dll
0x00007ff930db0000 - 0x00007ff930dba000 	c:\Users\Admin\.antigravity\extensions\redhat.java-1.54.0-win32-x64\jre\21.0.10-win32-x86_64\bin\jimage.dll
0x00007ff92c470000 - 0x00007ff92c6a3000 	C:\Windows\SYSTEM32\DBGHELP.DLL
0x00007ff939920000 - 0x00007ff939cb1000 	C:\Windows\System32\combase.dll
0x00007ff93acd0000 - 0x00007ff93ada8000 	C:\Windows\System32\OLEAUT32.dll
0x00007ff92bd70000 - 0x00007ff92bda2000 	C:\Windows\SYSTEM32\dbgcore.DLL
0x00007ff939350000 - 0x00007ff9393cb000 	C:\Windows\System32\bcryptPrimitives.dll
0x00007ff928e20000 - 0x00007ff928e2f000 	c:\Users\Admin\.antigravity\extensions\redhat.java-1.54.0-win32-x64\jre\21.0.10-win32-x86_64\bin\instrument.dll
0x00007ff90e4a0000 - 0x00007ff90e4c0000 	c:\Users\Admin\.antigravity\extensions\redhat.java-1.54.0-win32-x64\jre\21.0.10-win32-x86_64\bin\java.dll
0x00007ff939cc0000 - 0x00007ff93a55c000 	C:\Windows\System32\SHELL32.dll
0x00007ff939090000 - 0x00007ff9391cf000 	C:\Windows\System32\wintypes.dll
0x00007ff9368d0000 - 0x00007ff9371ea000 	C:\Windows\SYSTEM32\windows.storage.dll
0x00007ff93abc0000 - 0x00007ff93acc4000 	C:\Windows\System32\SHCORE.dll
0x00007ff93aed0000 - 0x00007ff93af39000 	C:\Windows\System32\shlwapi.dll
0x00007ff938950000 - 0x00007ff938975000 	C:\Windows\SYSTEM32\profapi.dll
0x00007ff90d5e0000 - 0x00007ff90d5f8000 	c:\Users\Admin\.antigravity\extensions\redhat.java-1.54.0-win32-x64\jre\21.0.10-win32-x86_64\bin\zip.dll
0x00007ff9263d0000 - 0x00007ff9263e0000 	C:\Users\Admin\.antigravity\extensions\redhat.java-1.54.0-win32-x64\jre\21.0.10-win32-x86_64\bin\net.dll
0x00007ff934cd0000 - 0x00007ff934dfc000 	C:\Windows\SYSTEM32\WINHTTP.dll
0x00007ff937ee0000 - 0x00007ff937f49000 	C:\Windows\system32\mswsock.dll
0x00007ff90cb20000 - 0x00007ff90cb36000 	C:\Users\Admin\.antigravity\extensions\redhat.java-1.54.0-win32-x64\jre\21.0.10-win32-x86_64\bin\nio.dll
0x00007ff91e4d0000 - 0x00007ff91e4e0000 	c:\Users\Admin\.antigravity\extensions\redhat.java-1.54.0-win32-x64\jre\21.0.10-win32-x86_64\bin\verify.dll
0x00007ff906630000 - 0x00007ff906675000 	C:\Users\Admin\AppData\Roaming\Antigravity\User\globalStorage\redhat.java\1.54.0\config_win\org.eclipse.equinox.launcher\org.eclipse.equinox.launcher.win32.win32.x86_64_1.3.0.v20260203-2149\eclipse_11919.dll
0x00007ff939770000 - 0x00007ff939911000 	C:\Windows\System32\ole32.dll
0x00007ff938140000 - 0x00007ff93815b000 	C:\Windows\SYSTEM32\CRYPTSP.dll
0x00007ff937930000 - 0x00007ff937967000 	C:\Windows\system32\rsaenh.dll
0x00007ff937fd0000 - 0x00007ff937ff8000 	C:\Windows\SYSTEM32\USERENV.dll
0x00007ff938130000 - 0x00007ff93813c000 	C:\Windows\SYSTEM32\CRYPTBASE.dll
0x00007ff937440000 - 0x00007ff93746d000 	C:\Windows\SYSTEM32\IPHLPAPI.DLL
0x00007ff93a800000 - 0x00007ff93a809000 	C:\Windows\System32\NSI.dll
0x00007ff904180000 - 0x00007ff9041c9000 	C:\Users\Admin\AppData\Local\Temp\jna-63116079\jna2748647026358796548.dll
0x00007ff93a9e0000 - 0x00007ff93a9e8000 	C:\Windows\System32\PSAPI.DLL
0x00007ff933570000 - 0x00007ff933589000 	C:\Windows\SYSTEM32\dhcpcsvc6.DLL
0x00007ff933520000 - 0x00007ff93353f000 	C:\Windows\SYSTEM32\dhcpcsvc.DLL

JVMTI agents:
c:\Users\Admin\.antigravity\extensions\redhat.java-1.54.0-win32-x64\lombok\lombok-1.18.39-4050.jar path:c:\Users\Admin\.antigravity\extensions\redhat.java-1.54.0-win32-x64\jre\21.0.10-win32-x86_64\bin\instrument.dll, loaded, initialized, instrumentlib options:none

dbghelp: loaded successfully - version: 4.0.5 - missing functions: none
symbol engine: initialized successfully - sym options: 0x614 - pdb path: .;c:\Users\Admin\.antigravity\extensions\redhat.java-1.54.0-win32-x64\jre\21.0.10-win32-x86_64\bin;C:\Windows\SYSTEM32;C:\Windows\WinSxS\amd64_microsoft.windows.common-controls_6595b64144ccf1df_6.0.22621.6060_none_2712eda17382d24b;c:\Users\Admin\.antigravity\extensions\redhat.java-1.54.0-win32-x64\jre\21.0.10-win32-x86_64\bin\server;C:\Users\Admin\AppData\Roaming\Antigravity\User\globalStorage\redhat.java\1.54.0\config_win\org.eclipse.equinox.launcher\org.eclipse.equinox.launcher.win32.win32.x86_64_1.3.0.v20260203-2149;C:\Users\Admin\AppData\Local\Temp\jna-63116079

VM Arguments:
jvm_args: --add-modules=ALL-SYSTEM --add-opens=java.base/java.util=ALL-UNNAMED --add-opens=java.base/java.lang=ALL-UNNAMED --add-opens=java.base/sun.nio.fs=ALL-UNNAMED -Declipse.application=org.eclipse.jdt.ls.core.id1 -Dosgi.bundles.defaultStartLevel=4 -Declipse.product=org.eclipse.jdt.ls.core.product -Djava.import.generatesMetadataFilesAtProjectRoot=false -DDetectVMInstallationsJob.disabled=true -Dfile.encoding=utf8 -XX:+UseParallelGC -XX:GCTimeRatio=4 -XX:AdaptiveSizePolicyWeight=90 -Dsun.zip.disableMemoryMapping=true -Xmx2G -Xms100m -Xlog:disable -javaagent:c:\Users\Admin\.antigravity\extensions\redhat.java-1.54.0-win32-x64\lombok\lombok-1.18.39-4050.jar -XX:+HeapDumpOnOutOfMemoryError -XX:HeapDumpPath=c:\Users\Admin\AppData\Roaming\Antigravity\User\workspaceStorage\458aae83574d7037a556d7725c321ec6\redhat.java -Daether.dependencyCollector.impl=bf 
java_command: c:\Users\Admin\.antigravity\extensions\redhat.java-1.54.0-win32-x64\server\plugins\org.eclipse.equinox.launcher_1.7.100.v20251111-0406.jar -configuration c:\Users\Admin\AppData\Roaming\Antigravity\User\globalStorage\redhat.java\1.54.0\config_win -data c:\Users\Admin\AppData\Roaming\Antigravity\User\workspaceStorage\458aae83574d7037a556d7725c321ec6\redhat.java\jdt_ws --pipe=\\.\pipe\lsp-b73e86d9e3f15ca1c0e020fa7e9331c7-sock
java_class_path (initial): c:\Users\Admin\.antigravity\extensions\redhat.java-1.54.0-win32-x64\server\plugins\org.eclipse.equinox.launcher_1.7.100.v20251111-0406.jar
Launcher Type: SUN_STANDARD

[Global flags]
    uintx AdaptiveSizePolicyWeight                 = 90                                        {product} {command line}
     intx CICompilerCount                          = 4                                         {product} {ergonomic}
    uintx GCTimeRatio                              = 4                                         {product} {command line}
     bool HeapDumpOnOutOfMemoryError               = true                                   {manageable} {command line}
    ccstr HeapDumpPath                             = c:\Users\Admin\AppData\Roaming\Antigravity\User\workspaceStorage\458aae83574d7037a556d7725c321ec6\redhat.java         {manageable} {command line}
   size_t InitialHeapSize                          = 104857600                                 {product} {command line}
   size_t MaxHeapSize                              = 2147483648                                {product} {command line}
   size_t MaxNewSize                               = 715653120                                 {product} {ergonomic}
   size_t MinHeapDeltaBytes                        = 524288                                    {product} {ergonomic}
   size_t MinHeapSize                              = 104857600                                 {product} {command line}
   size_t NewSize                                  = 34603008                                  {product} {ergonomic}
    uintx NonNMethodCodeHeapSize                   = 5839372                                {pd product} {ergonomic}
    uintx NonProfiledCodeHeapSize                  = 122909434                              {pd product} {ergonomic}
   size_t OldSize                                  = 70254592                                  {product} {ergonomic}
    uintx ProfiledCodeHeapSize                     = 122909434                              {pd product} {ergonomic}
    uintx ReservedCodeCacheSize                    = 251658240                              {pd product} {ergonomic}
     bool SegmentedCodeCache                       = true                                      {product} {ergonomic}
   size_t SoftMaxHeapSize                          = 2147483648                             {manageable} {ergonomic}
     bool UseCompressedOops                        = true                           {product lp64_product} {ergonomic}
     bool UseLargePagesIndividualAllocation        = false                                  {pd product} {ergonomic}
     bool UseParallelGC                            = true                                      {product} {command line}

Logging:
Log output configuration:
 #0: stdout all=off uptime,level,tags foldmultilines=false
 #1: stderr all=off uptime,level,tags foldmultilines=false

Release file:
JAVA_VERSION="21.0.10" 
MODULES="java.base java.compiler java.datatransfer java.xml java.prefs java.desktop java.instrument java.logging java.management java.security.sasl java.naming java.rmi java.management.rmi java.net.http java.scripting java.security.jgss java.transaction.xa java.sql java.sql.rowset java.xml.crypto java.se java.smartcardio jdk.accessibility jdk.internal.jvmstat jdk.attach jdk.charsets jdk.internal.opt jdk.zipfs jdk.compiler jdk.crypto.ec jdk.crypto.cryptoki jdk.crypto.mscapi jdk.dynalink jdk.internal.ed jdk.editpad jdk.hotspot.agent jdk.httpserver jdk.internal.le jdk.internal.vm.ci jdk.internal.vm.compiler jdk.internal.vm.compiler.management jdk.jartool jdk.javadoc jdk.jcmd jdk.management jdk.management.agent jdk.jconsole jdk.jdeps jdk.jdwp.agent jdk.jdi jdk.jfr jdk.jshell jdk.jsobject jdk.jstatd jdk.localedata jdk.management.jfr jdk.naming.dns jdk.naming.rmi jdk.net jdk.nio.mapmode jdk.random jdk.sctp jdk.security.auth jdk.security.jgss jdk.unsupported jdk.unsupported.desktop jdk.xml.dom" 

Environment Variables:
JAVA_HOME=D:\OS\dowload easy\Java JDK\jdk-17.0.11
PATH=C:\Windows\system32;C:\Windows;C:\Windows\System32\Wbem;C:\Windows\System32\WindowsPowerShell\v1.0\;C:\Windows\System32\OpenSSH\;C:\Program Files\Git\cmd;D:\OS\dowload easy\Java JDK\jdk-17.0.11\bin;D:\OS\dowload easy\apache-maven-3.8.5\bin;C:\Users\Admin\AppData\Local\nvm;C:\nvm4w\nodejs;C:\Program Files\Docker\Docker\resources\bin;C:\Program Files\MySQL\MySQL Shell 8.0\bin\;C:\Users\Admin\.local\bin;C:\Users\Admin\AppData\Local\Microsoft\WindowsApps;C:\Program Files\JetBrains\DataGrip 2025.3.5\bin;C:\Users\Admin\AppData\Local\Programs\Microsoft VS Code\bin;C:\Users\Admin\AppData\Local\GitHubDesktop\bin;C:\Users\Admin\AppData\Local\nvm;C:\nvm4w\nodejs;C:\Users\Admin\AppData\Local\Python\bin;D:\Data\Antigravity\bin
USERNAME=Admin
OS=Windows_NT
PROCESSOR_IDENTIFIER=AMD64 Family 25 Model 80 Stepping 0, AuthenticAMD
TMP=C:\Users\Admin\AppData\Local\Temp
TEMP=C:\Users\Admin\AppData\Local\Temp




Periodic native trim disabled

---------------  S Y S T E M  ---------------

OS:
 Windows 11 , 64 bit Build 22621 (10.0.22621.5415)
OS uptime: 0 days 0:16 hours
Hyper-V role detected

CPU: total 12 (initial active 12) (12 cores per cpu, 2 threads per core) family 25 model 80 stepping 0 microcode 0x0, cx8, cmov, fxsr, ht, mmx, 3dnowpref, sse, sse2, sse3, ssse3, sse4a, sse4.1, sse4.2, popcnt, lzcnt, tsc, tscinvbit, avx, avx2, aes, erms, clmul, bmi1, bmi2, adx, sha, fma, vzeroupper, clflush, clflushopt, hv, rdtscp, rdpid, fsrm, f16c, cet_ss
Processor Information for the first 12 processors :
  Max Mhz: 3301, Current Mhz: 3301, Mhz Limit: 3301

Memory: 4k page, system-wide physical 15720M (662M free)
TotalPageFile size 32653M (AvailPageFile size 223M)
current process WorkingSet (physical memory assigned to process): 197M, peak: 201M
current process commit charge ("private bytes"): 322M, peak: 329M

vm_info: OpenJDK 64-Bit Server VM (21.0.10+7-LTS) for windows-amd64 JRE (21.0.10+7-LTS), built on 2026-01-20T00:00:00Z by "admin" with MS VC++ 17.12 (VS2022)

END.
