#
# There is insufficient memory for the Java Runtime Environment to continue.
# Native memory allocation (mmap) failed to map 65536 bytes. Error detail: Failed to commit metaspace.
# Possible reasons:
#   The system is out of physical RAM or swap space
#   This process is running with CompressedOops enabled, and the Java Heap may be blocking the growth of the native heap
# Possible solutions:
#   Reduce memory load on the system
#   Increase physical memory or swap space
#   Check if swap backing store is full
#   Decrease Java heap size (-Xmx/-Xms)
#   Decrease number of Java threads
#   Decrease Java thread stack sizes (-Xss)
#   Set larger code cache with -XX:ReservedCodeCacheSize=
#   JVM is running with Unscaled Compressed Oops mode in which the Java heap is
#     placed in the first 4GB address space. The Java Heap base address is the
#     maximum limit for the native heap growth. Please use -XX:HeapBaseMinAddress
#     to set the Java Heap base and to place the Java Heap above 4GB virtual address.
# This output file may be truncated or incomplete.
#
#  Out of Memory Error (virtualSpaceNode.cpp:113), pid=3348, tid=30420
#
# JRE version: OpenJDK Runtime Environment Temurin-21.0.10+7 (21.0.10+7) (build 21.0.10+7-LTS)
# Java VM: OpenJDK 64-Bit Server VM Temurin-21.0.10+7 (21.0.10+7-LTS, mixed mode, sharing, tiered, compressed oops, compressed class ptrs, parallel gc, windows-amd64)
# No core dump will be written. Minidumps are not enabled by default on client versions of Windows
#

---------------  S U M M A R Y ------------

Command Line: --add-modules=ALL-SYSTEM --add-opens=java.base/java.util=ALL-UNNAMED --add-opens=java.base/java.lang=ALL-UNNAMED --add-opens=java.base/sun.nio.fs=ALL-UNNAMED -Declipse.application=org.eclipse.jdt.ls.core.id1 -Dosgi.bundles.defaultStartLevel=4 -Declipse.product=org.eclipse.jdt.ls.core.product -Djava.import.generatesMetadataFilesAtProjectRoot=false -DDetectVMInstallationsJob.disabled=true -Dfile.encoding=utf8 -XX:+UseParallelGC -XX:GCTimeRatio=4 -XX:AdaptiveSizePolicyWeight=90 -Dsun.zip.disableMemoryMapping=true -Xmx2G -Xms100m -Xlog:disable -javaagent:c:\Users\Admin\.antigravity\extensions\redhat.java-1.54.0-win32-x64\lombok\lombok-1.18.39-4050.jar c:\Users\Admin\.antigravity\extensions\redhat.java-1.54.0-win32-x64\server\plugins\org.eclipse.equinox.launcher_1.7.100.v20251111-0406.jar -configuration c:\Users\Admin\AppData\Roaming\Antigravity\User\globalStorage\redhat.java\1.54.0\config_ss_win -data c:\Users\Admin\AppData\Roaming\Antigravity\User\workspaceStorage\458aae83574d7037a556d7725c321ec6\redhat.java\ss_ws --pipe=\\.\pipe\lsp-f85534469ff01adfc2470cbf5635248f-sock

Host: AMD Ryzen 5 5600H with Radeon Graphics         , 12 cores, 15G,  Windows 11 , 64 bit Build 22621 (10.0.22621.5415)
Time: Tue May 26 13:50:29 2026 SE Asia Standard Time elapsed time: 2.539793 seconds (0d 0h 0m 2s)

---------------  T H R E A D  ---------------

Current thread (0x00000277125fd9d0):  JavaThread "Start Level: Equinox Container: 6ab2804b-5c6d-4b5a-868a-50bb191ecb67" daemon [_thread_in_vm, id=30420, stack(0x000000e98a700000,0x000000e98a800000) (1024K)]

Stack: [0x000000e98a700000,0x000000e98a800000]
Native frames: (J=compiled Java code, j=interpreted, Vv=VM code, C=native code)
V  [jvm.dll+0x6d7a39]
V  [jvm.dll+0x8b4b26]
V  [jvm.dll+0x8b70de]
V  [jvm.dll+0x8b77c3]
V  [jvm.dll+0x284346]
V  [jvm.dll+0x8b086e]
V  [jvm.dll+0x679444]
V  [jvm.dll+0x1e82bb]
V  [jvm.dll+0x1e807e]
V  [jvm.dll+0x67bd42]
V  [jvm.dll+0x67bb72]
V  [jvm.dll+0x679e1e]
V  [jvm.dll+0x26f614]
V  [jvm.dll+0x219f3f]
V  [jvm.dll+0x20f62e]
V  [jvm.dll+0x5b644f]
V  [jvm.dll+0x82ead6]
V  [jvm.dll+0x478db8]
V  [jvm.dll+0x47ebe8]
C  [java.dll+0x17ec]

Java frames: (J=compiled Java code, j=interpreted, Vv=VM code)
J 1089  java.lang.ClassLoader.defineClass1(Ljava/lang/ClassLoader;Ljava/lang/String;[BIILjava/security/ProtectionDomain;Ljava/lang/String;)Ljava/lang/Class; java.base@21.0.10 (0 bytes) @ 0x000002771d26a811 [0x000002771d26a740+0x00000000000000d1]
J 1747 c1 java.lang.ClassLoader.defineClass(Ljava/lang/String;[BIILjava/security/ProtectionDomain;)Ljava/lang/Class; java.base@21.0.10 (43 bytes) @ 0x0000027715a66a7c [0x0000027715a66720+0x000000000000035c]
J 2298 c1 org.eclipse.osgi.internal.loader.ModuleClassLoader.defineClass(Ljava/lang/String;[BLorg/eclipse/osgi/internal/loader/classpath/ClasspathEntry;)Lorg/eclipse/osgi/internal/loader/ModuleClassLoader$DefineClassResult; (67 bytes) @ 0x0000027715b9253c [0x0000027715b92220+0x000000000000031c]
J 2096 c1 org.eclipse.osgi.internal.loader.classpath.ClasspathManager.defineClass(Ljava/lang/String;[BLorg/eclipse/osgi/internal/loader/classpath/ClasspathEntry;Lorg/eclipse/osgi/storage/bundlefile/BundleEntry;Ljava/util/List;)Ljava/lang/Class; (636 bytes) @ 0x0000027715b1f8f4 [0x0000027715b1de40+0x0000000000001ab4]
J 2097 c1 org.eclipse.osgi.internal.loader.classpath.ClasspathManager.findClassImpl(Ljava/lang/String;Lorg/eclipse/osgi/internal/loader/classpath/ClasspathEntry;Ljava/util/List;)Ljava/lang/Class; (328 bytes) @ 0x0000027715b26794 [0x0000027715b231c0+0x00000000000035d4]
J 1917 c1 org.eclipse.osgi.internal.loader.classpath.ClasspathManager.findLocalClassImpl(Ljava/lang/String;[Lorg/eclipse/osgi/internal/loader/classpath/ClasspathEntry;Ljava/util/List;)Ljava/lang/Class; (55 bytes) @ 0x0000027715ac8064 [0x0000027715ac7ee0+0x0000000000000184]
J 1916 c1 org.eclipse.osgi.internal.loader.classpath.ClasspathManager.findLocalClassImpl(Ljava/lang/String;Ljava/util/List;)Ljava/lang/Class; (132 bytes) @ 0x0000027715ac7614 [0x0000027715ac70e0+0x0000000000000534]
J 2035 c1 org.eclipse.osgi.internal.loader.classpath.ClasspathManager.findLocalClass(Ljava/lang/String;)Ljava/lang/Class; (210 bytes) @ 0x0000027715af8ca4 [0x0000027715af7fe0+0x0000000000000cc4]
J 1908 c1 org.eclipse.osgi.internal.loader.BundleLoader.findLocalClass(Ljava/lang/String;)Ljava/lang/Class; (159 bytes) @ 0x0000027715abcad4 [0x0000027715abbee0+0x0000000000000bf4]
J 1818 c1 org.eclipse.osgi.internal.loader.BundleLoader.findClass0(Ljava/lang/String;ZZ)Ljava/lang/Class; (490 bytes) @ 0x0000027715a8c594 [0x0000027715a893e0+0x00000000000031b4]
J 1817 c1 org.eclipse.osgi.internal.loader.BundleLoader.findClass(Ljava/lang/String;)Ljava/lang/Class; (8 bytes) @ 0x0000027715a8854c [0x0000027715a884c0+0x000000000000008c]
J 1865 c1 org.eclipse.osgi.internal.loader.ModuleClassLoader.loadClass(Ljava/lang/String;Z)Ljava/lang/Class; (36 bytes) @ 0x0000027715aa15cc [0x0000027715aa13a0+0x000000000000022c]
J 992 c1 java.lang.ClassLoader.loadClass(Ljava/lang/String;)Ljava/lang/Class; java.base@21.0.10 (7 bytes) @ 0x00000277158cebd4 [0x00000277158ceac0+0x0000000000000114]
v  ~StubRoutines::call_stub 0x000002771cc7100d
J 1089  java.lang.ClassLoader.defineClass1(Ljava/lang/ClassLoader;Ljava/lang/String;[BIILjava/security/ProtectionDomain;Ljava/lang/String;)Ljava/lang/Class; java.base@21.0.10 (0 bytes) @ 0x000002771d26a811 [0x000002771d26a740+0x00000000000000d1]
J 1747 c1 java.lang.ClassLoader.defineClass(Ljava/lang/String;[BIILjava/security/ProtectionDomain;)Ljava/lang/Class; java.base@21.0.10 (43 bytes) @ 0x0000027715a66a7c [0x0000027715a66720+0x000000000000035c]
J 2298 c1 org.eclipse.osgi.internal.loader.ModuleClassLoader.defineClass(Ljava/lang/String;[BLorg/eclipse/osgi/internal/loader/classpath/ClasspathEntry;)Lorg/eclipse/osgi/internal/loader/ModuleClassLoader$DefineClassResult; (67 bytes) @ 0x0000027715b9253c [0x0000027715b92220+0x000000000000031c]
J 2096 c1 org.eclipse.osgi.internal.loader.classpath.ClasspathManager.defineClass(Ljava/lang/String;[BLorg/eclipse/osgi/internal/loader/classpath/ClasspathEntry;Lorg/eclipse/osgi/storage/bundlefile/BundleEntry;Ljava/util/List;)Ljava/lang/Class; (636 bytes) @ 0x0000027715b1f8f4 [0x0000027715b1de40+0x0000000000001ab4]
J 2097 c1 org.eclipse.osgi.internal.loader.classpath.ClasspathManager.findClassImpl(Ljava/lang/String;Lorg/eclipse/osgi/internal/loader/classpath/ClasspathEntry;Ljava/util/List;)Ljava/lang/Class; (328 bytes) @ 0x0000027715b26794 [0x0000027715b231c0+0x00000000000035d4]
J 1917 c1 org.eclipse.osgi.internal.loader.classpath.ClasspathManager.findLocalClassImpl(Ljava/lang/String;[Lorg/eclipse/osgi/internal/loader/classpath/ClasspathEntry;Ljava/util/List;)Ljava/lang/Class; (55 bytes) @ 0x0000027715ac8064 [0x0000027715ac7ee0+0x0000000000000184]
J 1916 c1 org.eclipse.osgi.internal.loader.classpath.ClasspathManager.findLocalClassImpl(Ljava/lang/String;Ljava/util/List;)Ljava/lang/Class; (132 bytes) @ 0x0000027715ac7614 [0x0000027715ac70e0+0x0000000000000534]
J 2035 c1 org.eclipse.osgi.internal.loader.classpath.ClasspathManager.findLocalClass(Ljava/lang/String;)Ljava/lang/Class; (210 bytes) @ 0x0000027715af8ca4 [0x0000027715af7fe0+0x0000000000000cc4]
J 1908 c1 org.eclipse.osgi.internal.loader.BundleLoader.findLocalClass(Ljava/lang/String;)Ljava/lang/Class; (159 bytes) @ 0x0000027715abcad4 [0x0000027715abbee0+0x0000000000000bf4]
J 2385 c1 org.eclipse.osgi.internal.loader.sources.SingleSourcePackage.loadClass(Ljava/lang/String;)Ljava/lang/Class; (9 bytes) @ 0x0000027715bc0e4c [0x0000027715bc0d40+0x000000000000010c]
J 1818 c1 org.eclipse.osgi.internal.loader.BundleLoader.findClass0(Ljava/lang/String;ZZ)Ljava/lang/Class; (490 bytes) @ 0x0000027715a8c49c [0x0000027715a893e0+0x00000000000030bc]
J 1817 c1 org.eclipse.osgi.internal.loader.BundleLoader.findClass(Ljava/lang/String;)Ljava/lang/Class; (8 bytes) @ 0x0000027715a8854c [0x0000027715a884c0+0x000000000000008c]
J 1865 c1 org.eclipse.osgi.internal.loader.ModuleClassLoader.loadClass(Ljava/lang/String;Z)Ljava/lang/Class; (36 bytes) @ 0x0000027715aa15cc [0x0000027715aa13a0+0x000000000000022c]
J 992 c1 java.lang.ClassLoader.loadClass(Ljava/lang/String;)Ljava/lang/Class; java.base@21.0.10 (7 bytes) @ 0x00000277158cebd4 [0x00000277158ceac0+0x0000000000000114]
v  ~StubRoutines::call_stub 0x000002771cc7100d
j  org.eclipse.jdt.internal.core.JavaModelManager$8.optionsChanged(Lorg/eclipse/osgi/service/debug/DebugOptions;)V+140
j  org.eclipse.osgi.internal.debug.FrameworkDebugOptions.addingService(Lorg/osgi/framework/ServiceReference;)Lorg/eclipse/osgi/service/debug/DebugOptionsListener;+16
j  org.eclipse.osgi.internal.debug.FrameworkDebugOptions.addingService(Lorg/osgi/framework/ServiceReference;)Ljava/lang/Object;+5
j  org.osgi.util.tracker.ServiceTracker$Tracked.customizerAdding(Lorg/osgi/framework/ServiceReference;Lorg/osgi/framework/ServiceEvent;)Ljava/lang/Object;+8
j  org.osgi.util.tracker.ServiceTracker$Tracked.customizerAdding(Ljava/lang/Object;Ljava/lang/Object;)Ljava/lang/Object;+9
j  org.osgi.util.tracker.AbstractTracked.trackAdding(Ljava/lang/Object;Ljava/lang/Object;)V+8
j  org.osgi.util.tracker.AbstractTracked.track(Ljava/lang/Object;Ljava/lang/Object;)V+83
j  org.osgi.util.tracker.ServiceTracker$Tracked.serviceChanged(Lorg/osgi/framework/ServiceEvent;)V+67
J 1793 c1 org.eclipse.osgi.internal.serviceregistry.FilteredServiceListener.serviceChanged(Lorg/osgi/framework/ServiceEvent;)V (296 bytes) @ 0x0000027715a80034 [0x0000027715a7d720+0x0000000000002914]
J 1904 c1 org.eclipse.osgi.internal.framework.BundleContextImpl.dispatchEvent(Ljava/lang/Object;Ljava/lang/Object;ILjava/lang/Object;)V (577 bytes) @ 0x0000027715ab51d4 [0x0000027715ab1900+0x00000000000038d4]
J 2053 c1 org.eclipse.osgi.framework.eventmgr.EventManager.dispatchEvent(Ljava/util/Set;Lorg/eclipse/osgi/framework/eventmgr/EventDispatcher;ILjava/lang/Object;)V (69 bytes) @ 0x0000027715b09ad4 [0x0000027715b095c0+0x0000000000000514]
j  org.eclipse.osgi.framework.eventmgr.ListenerQueue.dispatchEventSynchronous(ILjava/lang/Object;)V+67
j  org.eclipse.osgi.internal.serviceregistry.ServiceRegistry.publishServiceEventPrivileged(Lorg/osgi/framework/ServiceEvent;)V+320
j  org.eclipse.osgi.internal.serviceregistry.ServiceRegistry.publishServiceEvent(Lorg/osgi/framework/ServiceEvent;)V+8
j  org.eclipse.osgi.internal.serviceregistry.ServiceRegistrationImpl.register(Ljava/util/Dictionary;)V+137
j  org.eclipse.osgi.internal.serviceregistry.ServiceRegistry.registerService(Lorg/eclipse/osgi/internal/framework/BundleContextImpl;[Ljava/lang/String;Ljava/lang/Object;Ljava/util/Dictionary;)Lorg/eclipse/osgi/internal/serviceregistry/ServiceRegistrationImpl;+317
j  org.eclipse.osgi.internal.framework.BundleContextImpl.registerService([Ljava/lang/String;Ljava/lang/Object;Ljava/util/Dictionary;)Lorg/osgi/framework/ServiceRegistration;+15
j  org.eclipse.osgi.internal.framework.BundleContextImpl.registerService(Ljava/lang/String;Ljava/lang/Object;Ljava/util/Dictionary;)Lorg/osgi/framework/ServiceRegistration;+15
j  org.eclipse.osgi.internal.framework.BundleContextImpl.registerService(Ljava/lang/Class;Ljava/lang/Object;Ljava/util/Dictionary;)Lorg/osgi/framework/ServiceRegistration;+7
j  org.eclipse.jdt.internal.core.JavaModelManager.registerDebugOptionsListener(Lorg/osgi/framework/BundleContext;)V+32
j  org.eclipse.jdt.core.JavaCore.start(Lorg/osgi/framework/BundleContext;)V+6
j  org.eclipse.osgi.internal.framework.BundleContextImpl$2.run()Ljava/lang/Void;+23
j  org.eclipse.osgi.internal.framework.BundleContextImpl$2.run()Ljava/lang/Object;+1
J 1118 c1 java.security.AccessController.executePrivileged(Ljava/security/PrivilegedExceptionAction;Ljava/security/AccessControlContext;Ljava/lang/Class;)Ljava/lang/Object; java.base@21.0.10 (65 bytes) @ 0x000002771590bf44 [0x000002771590bde0+0x0000000000000164]
j  java.security.AccessController.doPrivileged(Ljava/security/PrivilegedExceptionAction;)Ljava/lang/Object;+9 java.base@21.0.10
j  org.eclipse.osgi.internal.framework.BundleContextImpl.startActivator(Lorg/osgi/framework/BundleActivator;)V+9
j  org.eclipse.osgi.internal.framework.BundleContextImpl.start()V+141
j  org.eclipse.osgi.internal.framework.EquinoxBundle.startWorker0()V+35
j  org.eclipse.osgi.internal.framework.EquinoxBundle$EquinoxModule.startWorker()V+4
j  org.eclipse.osgi.container.Module.doStart([Lorg/eclipse/osgi/container/Module$StartOptions;)Lorg/eclipse/osgi/container/ModuleContainerAdaptor$ModuleEvent;+200
J 2320 c1 org.eclipse.osgi.container.Module.start([Lorg/eclipse/osgi/container/Module$StartOptions;)V (662 bytes) @ 0x0000027715ba12bc [0x0000027715b9f1c0+0x00000000000020fc]
J 2558 c1 org.eclipse.osgi.framework.util.SecureAction.start(Lorg/eclipse/osgi/container/Module;[Lorg/eclipse/osgi/container/Module$StartOptions;)V (61 bytes) @ 0x0000027715bfd19c [0x0000027715bfcfe0+0x00000000000001bc]
J 1910 c1 org.eclipse.osgi.internal.hooks.EclipseLazyStarter.postFindLocalClass(Ljava/lang/String;Ljava/lang/Class;Lorg/eclipse/osgi/internal/loader/classpath/ClasspathManager;)V (394 bytes) @ 0x0000027715ac0294 [0x0000027715abf2c0+0x0000000000000fd4]
J 2035 c1 org.eclipse.osgi.internal.loader.classpath.ClasspathManager.findLocalClass(Ljava/lang/String;)Ljava/lang/Class; (210 bytes) @ 0x0000027715af8ff4 [0x0000027715af7fe0+0x0000000000001014]
J 1908 c1 org.eclipse.osgi.internal.loader.BundleLoader.findLocalClass(Ljava/lang/String;)Ljava/lang/Class; (159 bytes) @ 0x0000027715abcad4 [0x0000027715abbee0+0x0000000000000bf4]
J 2385 c1 org.eclipse.osgi.internal.loader.sources.SingleSourcePackage.loadClass(Ljava/lang/String;)Ljava/lang/Class; (9 bytes) @ 0x0000027715bc0e4c [0x0000027715bc0d40+0x000000000000010c]
J 1818 c1 org.eclipse.osgi.internal.loader.BundleLoader.findClass0(Ljava/lang/String;ZZ)Ljava/lang/Class; (490 bytes) @ 0x0000027715a8c49c [0x0000027715a893e0+0x00000000000030bc]
J 1817 c1 org.eclipse.osgi.internal.loader.BundleLoader.findClass(Ljava/lang/String;)Ljava/lang/Class; (8 bytes) @ 0x0000027715a8854c [0x0000027715a884c0+0x000000000000008c]
J 1865 c1 org.eclipse.osgi.internal.loader.ModuleClassLoader.loadClass(Ljava/lang/String;Z)Ljava/lang/Class; (36 bytes) @ 0x0000027715aa15cc [0x0000027715aa13a0+0x000000000000022c]
J 992 c1 java.lang.ClassLoader.loadClass(Ljava/lang/String;)Ljava/lang/Class; java.base@21.0.10 (7 bytes) @ 0x00000277158cebd4 [0x00000277158ceac0+0x0000000000000114]
v  ~StubRoutines::call_stub 0x000002771cc7100d
j  java.lang.Class.getDeclaredConstructors0(Z)[Ljava/lang/reflect/Constructor;+0 java.base@21.0.10
j  java.lang.Class.privateGetDeclaredConstructors(Z)[Ljava/lang/reflect/Constructor;+52 java.base@21.0.10
j  java.lang.Class.getConstructor0([Ljava/lang/Class;I)Ljava/lang/reflect/Constructor;+14 java.base@21.0.10
j  java.lang.Class.getConstructor([Ljava/lang/Class;)Ljava/lang/reflect/Constructor;+24 java.base@21.0.10
j  org.eclipse.osgi.internal.framework.BundleContextImpl.loadBundleActivator()Lorg/osgi/framework/BundleActivator;+105
j  org.eclipse.osgi.internal.framework.BundleContextImpl.start()V+18
j  org.eclipse.osgi.internal.framework.EquinoxBundle.startWorker0()V+35
j  org.eclipse.osgi.internal.framework.EquinoxBundle$EquinoxModule.startWorker()V+4
j  org.eclipse.osgi.container.Module.doStart([Lorg/eclipse/osgi/container/Module$StartOptions;)Lorg/eclipse/osgi/container/ModuleContainerAdaptor$ModuleEvent;+200
j  org.eclipse.osgi.container.Module.start([Lorg/eclipse/osgi/container/Module$StartOptions;)V+460
j  org.eclipse.osgi.container.ModuleContainer$ContainerStartLevel$2.run()V+83
j  org.eclipse.osgi.internal.framework.EquinoxContainerAdaptor$1$1.execute(Ljava/lang/Runnable;)V+1
j  org.eclipse.osgi.container.ModuleContainer$ContainerStartLevel.incStartLevel(ILjava/util/List;Z)V+193
j  org.eclipse.osgi.container.ModuleContainer$ContainerStartLevel.incStartLevel(ILjava/util/List;Ljava/util/List;Ljava/util/List;Ljava/util/List;)V+19
j  org.eclipse.osgi.container.ModuleContainer$ContainerStartLevel.doContainerStartLevel(Lorg/eclipse/osgi/container/Module;I[Lorg/osgi/framework/FrameworkListener;)V+358
j  org.eclipse.osgi.container.ModuleContainer$ContainerStartLevel.dispatchEvent(Lorg/eclipse/osgi/container/Module;[Lorg/osgi/framework/FrameworkListener;ILjava/lang/Integer;)V+32
j  org.eclipse.osgi.container.ModuleContainer$ContainerStartLevel.dispatchEvent(Ljava/lang/Object;Ljava/lang/Object;ILjava/lang/Object;)V+15
j  org.eclipse.osgi.framework.eventmgr.EventManager.dispatchEvent(Ljava/util/Set;Lorg/eclipse/osgi/framework/eventmgr/EventDispatcher;ILjava/lang/Object;)V+48
j  org.eclipse.osgi.framework.eventmgr.EventManager$EventThread.run()V+26
v  ~StubRoutines::call_stub 0x000002771cc7100d

Compiled method (n/a) 2682 1089     n 0       java.lang.ClassLoader::defineClass1 (native)
 total in heap  [0x000002771d26a590,0x000002771d26aa18] = 1160
 relocation     [0x000002771d26a6f0,0x000002771d26a728] = 56
 main code      [0x000002771d26a740,0x000002771d26aa16] = 726
 stub code      [0x000002771d26aa16,0x000002771d26aa18] = 2

[Constant Pool (empty)]

[MachCode]
[Entry Point]
  # {method} {0x0000027729434f58} 'defineClass1' '(Ljava/lang/ClassLoader;Ljava/lang/String;[BIILjava/security/ProtectionDomain;Ljava/lang/String;)Ljava/lang/Class;' in 'java/lang/ClassLoader'
  # parm0:    rdx:rdx   = 'java/lang/ClassLoader'
  # parm1:    r8:r8     = 'java/lang/String'
  # parm2:    r9:r9     = '[B'
  # parm3:    rdi       = int
  # parm4:    rsi       = int
  # parm5:    rcx:rcx   = 'java/security/ProtectionDomain'
  # parm6:    [sp+0xa0]   = 'java/lang/String'  (sp of caller)
  0x000002771d26a740: 448b 5208 | 49bb 0000 | 0029 7702 | 0000 4d03 | d349 3bc2 | 0f84 0600 

  0x000002771d26a758: ;   {runtime_call ic_miss_stub}
  0x000002771d26a758: 0000 e921 | 3da5 ff90 
[Verified Entry Point]
  0x000002771d26a760: 8984 2400 | 80ff ff55 | 488b ec48 | 81ec 9000 | 0000 6690 | 4181 7f20 | 0100 0000 

  0x000002771d26a77c: ;   {runtime_call StubRoutines (final stubs)}
  0x000002771d26a77c: 7405 e85d | e2a3 ff48 | 837d 1000 | 488d 4510 | 480f 4445 | 1048 8944 | 2440 4889 | 4c24 7048 
  0x000002771d26a79c: 83f9 0048 | 8d44 2470 | 480f 4444 | 2470 4889 | 4424 3848 | 8974 2430 | 4889 7c24 | 284c 894c 
  0x000002771d26a7bc: 2458 4983 | f900 488d | 4424 5848 | 0f44 4424 | 5848 8944 | 2420 4c89 | 4424 5049 | 83f8 004c 
  0x000002771d26a7dc: 8d4c 2450 | 4c0f 444c | 2450 4889 | 5424 4848 | 83fa 004c | 8d44 2448 | 4c0f 4444 

  0x000002771d26a7f8: ;   {oop(a 'java/lang/Class'{0x00000000800009b0} = 'java/lang/ClassLoader')}
  0x000002771d26a7f8: 2448 49be | b009 0080 | 0000 0000 | 4c89 7424 | 784c 8d74 | 2478 498b | d6c5 f877 

  0x000002771d26a814: ;   {internal_word}
  0x000002771d26a814: 49ba 11a8 | 261d 7702 | 0000 4d89 | 97a8 0300 | 0049 89a7 | a003 0000 

  0x000002771d26a82c: ;   {external_word}
  0x000002771d26a82c: 49ba c65c | 6597 f87f | 0000 4180 | 3a00 0f84 | 4e00 0000 | 5241 5041 

  0x000002771d26a844: ;   {metadata({method} {0x0000027729434f58} 'defineClass1' '(Ljava/lang/ClassLoader;Ljava/lang/String;[BIILjava/security/ProtectionDomain;Ljava/lang/String;)Ljava/lang/Class;' in 'java/lang/ClassLoader')}
  0x000002771d26a844: 5148 ba50 | 4f43 2977 | 0200 0049 | 8bcf 4883 | ec20 40f6 | c40f 0f84 | 1900 0000 | 4883 ec08 
  0x000002771d26a864: ;   {runtime_call}
  0x000002771d26a864: 48b8 50e1 | 0e97 f87f | 0000 ffd0 | 4883 c408 | e90c 0000 

  0x000002771d26a878: ;   {runtime_call}
  0x000002771d26a878: 0048 b850 | e10e 97f8 | 7f00 00ff | d048 83c4 | 2041 5941 | 585a 498d | 8fc0 0300 | 0041 c787 
  0x000002771d26a898: 4c04 0000 | 0400 0000 

  0x000002771d26a8a0: ;   {runtime_call}
  0x000002771d26a8a0: 48b8 ac16 | cf03 f97f | 0000 ffd0 | c5f8 7741 | c787 4c04 | 0000 0500 | 0000 f083 | 4424 c000 
  0x000002771d26a8c0: 493b af50 | 0400 000f | 870e 0000 | 0041 83bf | 4804 0000 | 000f 842b | 0000 00c5 | f877 4889 
  0x000002771d26a8e0: 45f8 498b | cf4c 8be4 | 4883 ec20 | 4883 e4f0 

  0x000002771d26a8f0: ;   {runtime_call}
  0x000002771d26a8f0: 48b8 d052 | da96 f87f | 0000 ffd0 | 498b e44d | 33e4 488b | 45f8 41c7 | 874c 0400 | 0008 0000 
  0x000002771d26a910: 0041 83bf | c804 0000 | 020f 84ca 

  0x000002771d26a91c: ;   {external_word}
  0x000002771d26a91c: 0000 0049 | bac6 5c65 | 97f8 7f00 | 0041 803a | 000f 844c | 0000 0048 

  0x000002771d26a934: ;   {metadata({method} {0x0000027729434f58} 'defineClass1' '(Ljava/lang/ClassLoader;Ljava/lang/String;[BIILjava/security/ProtectionDomain;Ljava/lang/String;)Ljava/lang/Class;' in 'java/lang/ClassLoader')}
  0x000002771d26a934: 8945 f848 | ba50 4f43 | 2977 0200 | 0049 8bcf | 4883 ec20 | 40f6 c40f | 0f84 1900 | 0000 4883 
  0x000002771d26a954: ;   {runtime_call}
  0x000002771d26a954: ec08 48b8 | 50e1 0e97 | f87f 0000 | ffd0 4883 | c408 e90c 

  0x000002771d26a968: ;   {runtime_call}
  0x000002771d26a968: 0000 0048 | b850 e10e | 97f8 7f00 | 00ff d048 | 83c4 2048 | 8b45 f849 | c787 a003 | 0000 0000 
  0x000002771d26a988: 0000 49c7 | 87a8 0300 | 0000 0000 | 00c5 f877 | 4885 c00f | 8425 0000 | 00a8 030f | 8508 0000 
  0x000002771d26a9a8: 0048 8b00 | e915 0000 | 00a8 010f | 8509 0000 | 0048 8b40 | fee9 0400 | 0000 488b | 40ff 498b 
  0x000002771d26a9c8: 8f30 0400 | 00c7 8100 | 0100 0000 | 0000 00c9 | 4983 7f08 | 000f 8501 | 0000 00c3 

  0x000002771d26a9e4: ;   {runtime_call StubRoutines (initial stubs)}
  0x000002771d26a9e4: e917 65a0 | ffc5 f877 | 4889 45f8 | 4c8b e448 | 83ec 2048 

  0x000002771d26a9f8: ;   {runtime_call}
  0x000002771d26a9f8: 83e4 f048 | b8a0 180f | 97f8 7f00 | 00ff d049 | 8be4 4d33 | e448 8b45 | f8e9 09ff | ffff f4f4 
[/MachCode]


Compiled method (c1) 2732 1747       3       java.lang.ClassLoader::defineClass (43 bytes)
 total in heap  [0x0000027715a66510,0x0000027715a66e70] = 2400
 relocation     [0x0000027715a66670,0x0000027715a66710] = 160
 main code      [0x0000027715a66720,0x0000027715a66bc0] = 1184
 stub code      [0x0000027715a66bc0,0x0000027715a66c38] = 120
 metadata       [0x0000027715a66c38,0x0000027715a66c68] = 48
 scopes data    [0x0000027715a66c68,0x0000027715a66d58] = 240
 scopes pcs     [0x0000027715a66d58,0x0000027715a66e38] = 224
 dependencies   [0x0000027715a66e38,0x0000027715a66e48] = 16
 nul chk table  [0x0000027715a66e48,0x0000027715a66e70] = 40

[Constant Pool (empty)]

[MachCode]
[Entry Point]
  # {method} {0x00000277294352d8} 'defineClass' '(Ljava/lang/String;[BIILjava/security/ProtectionDomain;)Ljava/lang/Class;' in 'java/lang/ClassLoader'
  # this:     rdx:rdx   = 'java/lang/ClassLoader'
  # parm0:    r8:r8     = 'java/lang/String'
  # parm1:    r9:r9     = '[B'
  # parm2:    rdi       = int
  # parm3:    rsi       = int
  # parm4:    rcx:rcx   = 'java/security/ProtectionDomain'
  #           [sp+0xc0]  (sp of caller)
  0x0000027715a66720: 448b 5208 | 49bb 0000 | 0029 7702 | 0000 4d03 | d34c 3bd0 

  0x0000027715a66734: ;   {runtime_call ic_miss_stub}
  0x0000027715a66734: 0f85 467d | 2507 660f | 1f44 0000 
[Verified Entry Point]
  0x0000027715a66740: 8984 2400 | 80ff ff55 | 4881 ecb0 | 0000 0090 | 4181 7f20 | 0100 0000 

  0x0000027715a66758: ;   {runtime_call StubRoutines (final stubs)}
  0x0000027715a66758: 7405 e881 | 2224 0748 | 8954 2478 

  0x0000027715a66764: ;   {metadata(method data for {method} {0x00000277294352d8} 'defineClass' '(Ljava/lang/String;[BIILjava/security/ProtectionDomain;)Ljava/lang/Class;' in 'java/lang/ClassLoader')}
  0x0000027715a66764: 48bb a8b4 | 366d 7702 | 0000 8b83 | cc00 0000 | 83c0 0289 | 83cc 0000 | 0025 fe07 | 0000 85c0 
  0x0000027715a66784: 0f84 5803 | 0000 89b4 | 2494 0000 | 0089 bc24 | 9000 0000 | 4c89 8c24 | 8800 0000 

  0x0000027715a667a0: ;   {metadata(method data for {method} {0x00000277294352d8} 'defineClass' '(Ljava/lang/String;[BIILjava/security/ProtectionDomain;)Ljava/lang/Class;' in 'java/lang/ClassLoader')}
  0x0000027715a667a0: 488b da48 | b8a8 b436 | 6d77 0200 | 0048 8380 | 1001 0000 | 0149 8bd8 | 4c8b c34c | 8bc9 488b 
  0x0000027715a667c0: ca48 8bd1 | 4889 9c24 | 8000 0000 

  0x0000027715a667cc: ;   {optimized virtual_call}
  0x0000027715a667cc: 6666 90e8 

  0x0000027715a667d0: ; ImmutableOopMap {[120]=Oop [128]=Oop [136]=Oop }
                      ;*invokevirtual preDefineClass {reexecute=0 rethrow=0 return_oop=0}
                      ; - java.lang.ClassLoader::defineClass@4
  0x0000027715a667d0: 4c47 f0ff 

  0x0000027715a667d4: ;   {other}
  0x0000027715a667d4: 0f1f 8400 | c402 0000 | 4889 8424 | 9800 0000 | 488b 5424 

  0x0000027715a667e8: ;   {metadata(method data for {method} {0x00000277294352d8} 'defineClass' '(Ljava/lang/String;[BIILjava/security/ProtectionDomain;)Ljava/lang/Class;' in 'java/lang/ClassLoader')}
  0x0000027715a667e8: 7849 b8a8 | b436 6d77 | 0200 0049 | 8380 4801 

  0x0000027715a667f8: ;   {metadata(method data for {method} {0x0000027729434fc0} 'defineClassSourceLocation' '(Ljava/security/ProtectionDomain;)Ljava/lang/String;' in 'java/lang/ClassLoader')}
  0x0000027715a667f8: 0000 0149 | b8c0 bb36 | 6d77 0200 | 0041 8b90 | cc00 0000 | 83c2 0241 | 8990 cc00 | 0000 81e2 
  0x0000027715a66818: feff 1f00 | 85d2 0f84 | df02 0000 

  0x0000027715a66824: ; implicit exception: dispatches to 0x0000027715a66b24
  0x0000027715a66824: 483b 004c 

  0x0000027715a66828: ;   {metadata(method data for {method} {0x0000027729434fc0} 'defineClassSourceLocation' '(Ljava/security/ProtectionDomain;)Ljava/lang/String;' in 'java/lang/ClassLoader')}
  0x0000027715a66828: 8bc0 48ba | c0bb 366d | 7702 0000 | 4883 8210 | 0100 0001 | 448b 4010 

  0x0000027715a66840: ;   {metadata(method data for {method} {0x0000027729434fc0} 'defineClassSourceLocation' '(Ljava/security/ProtectionDomain;)Ljava/lang/String;' in 'java/lang/ClassLoader')}
  0x0000027715a66840: 4d85 c048 | bac0 bb36 | 6d77 0200 | 0048 c7c6 | 5801 0000 | 7507 48c7 | c648 0100 | 0048 8b3c 
  0x0000027715a66860: 3248 8d7f | 0148 893c | 320f 850f 

  0x0000027715a6686c: ;   {oop(nullptr)}
  0x0000027715a6686c: 0000 0048 | bb00 0000 | 0000 0000 | 00e9 a901 | 0000 493b | 0049 8bd0 

  0x0000027715a66884: ;   {metadata(method data for {method} {0x0000027729434fc0} 'defineClassSourceLocation' '(Ljava/security/ProtectionDomain;)Ljava/lang/String;' in 'java/lang/ClassLoader')}
  0x0000027715a66884: 48be c0bb | 366d 7702 | 0000 4883 | 8668 0100 | 0001 418b | 500c 4885 

  0x0000027715a6689c: ;   {metadata(method data for {method} {0x0000027729434fc0} 'defineClassSourceLocation' '(Ljava/security/ProtectionDomain;)Ljava/lang/String;' in 'java/lang/ClassLoader')}
  0x0000027715a6689c: d248 bec0 | bb36 6d77 | 0200 0048 | c7c7 b001 | 0000 7507 | 48c7 c7a0 | 0100 0048 | 8b1c 3e48 
  0x0000027715a668bc: 8d5b 0148 | 891c 3e0f | 850f 0000 

  0x0000027715a668c8: ;   {oop(nullptr)}
  0x0000027715a668c8: 0048 bb00 | 0000 0000 | 0000 00e9 | 4f01 0000 

  0x0000027715a668d8: ;   {metadata(method data for {method} {0x0000027729434fc0} 'defineClassSourceLocation' '(Ljava/security/ProtectionDomain;)Ljava/lang/String;' in 'java/lang/ClassLoader')}
  0x0000027715a668d8: 48be c0bb | 366d 7702 | 0000 4883 | 86c0 0100 | 0001 483b | 024c 8bc2 

  0x0000027715a668f0: ;   {metadata(method data for {method} {0x0000027729434fc0} 'defineClassSourceLocation' '(Ljava/security/ProtectionDomain;)Ljava/lang/String;' in 'java/lang/ClassLoader')}
  0x0000027715a668f0: 48be c0bb | 366d 7702 | 0000 4883 | 86f8 0100 

  0x0000027715a66900: ;   {metadata(method data for {method} {0x000002772901abf0} 'toString' '()Ljava/lang/String;' in 'java/net/URL')}
  0x0000027715a66900: 0001 49b8 | 90af 366d | 7702 0000 | 418b b0cc | 0000 0083 | c602 4189 | b0cc 0000 | 0081 e6fe 
  0x0000027715a66920: ff1f 0085 | f60f 8408 | 0200 004c 

  0x0000027715a6692c: ;   {metadata(method data for {method} {0x000002772901abf0} 'toString' '()Ljava/lang/String;' in 'java/net/URL')}
  0x0000027715a6692c: 8bc2 48be | 90af 366d | 7702 0000 | 4883 8610 | 0100 0001 

  0x0000027715a66940: ;   {metadata(method data for {method} {0x0000027729428b60} 'toExternalForm' '()Ljava/lang/String;' in 'java/net/URL')}
  0x0000027715a66940: 49b8 302a | 366d 7702 | 0000 418b | b0cc 0000 | 0083 c602 | 4189 b0cc | 0000 0081 | e6fe ff1f 
  0x0000027715a66960: 0085 f60f | 84eb 0100 | 008b 7238 

  0x0000027715a6696c: ; implicit exception: dispatches to 0x0000027715a66b75
  0x0000027715a6696c: 483b 064c 

  0x0000027715a66970: ;   {metadata(method data for {method} {0x0000027729428b60} 'toExternalForm' '()Ljava/lang/String;' in 'java/net/URL')}
  0x0000027715a66970: 8bc6 48bf | 302a 366d | 7702 0000 | 458b 4008 | 49ba 0000 | 0029 7702 | 0000 4d03 | c24c 3b87 
  0x0000027715a66990: 2001 0000 | 750d 4883 | 8728 0100 | 0001 e960 | 0000 004c | 3b87 3001 | 0000 750d | 4883 8738 
  0x0000027715a669b0: 0100 0001 | e94a 0000 | 0048 83bf | 2001 0000 | 0075 174c | 8987 2001 | 0000 48c7 | 8728 0100 
  0x0000027715a669d0: 0001 0000 | 00e9 2900 | 0000 4883 | bf30 0100 | 0000 7517 | 4c89 8730 | 0100 0048 | c787 3801 
  0x0000027715a669f0: 0000 0100 | 0000 e908 | 0000 0048 | 8387 1001 | 0000 014c | 8bc2 488b | d60f 1f40 | 0048 b8ff 
  0x0000027715a66a10: ffff ffff 

  0x0000027715a66a14: ;   {virtual_call}
  0x0000027715a66a14: ffff ffe8 

  0x0000027715a66a18: ; ImmutableOopMap {[120]=Oop [128]=Oop [136]=Oop [152]=Oop }
                      ;*invokevirtual toExternalForm {reexecute=0 rethrow=0 return_oop=0}
                      ; - java.net.URL::toExternalForm@5
                      ; - java.net.URL::toString@1
                      ; - java.lang.ClassLoader::defineClassSourceLocation@22
                      ; - java.lang.ClassLoader::defineClass@12
  0x0000027715a66a18: b413 3107 

  0x0000027715a66a1c: ;   {other}
  0x0000027715a66a1c: 0f1f 8400 | 0c05 0001 | 488b d848 | 8b84 2498 | 0000 008b | b424 9400 | 0000 8bbc | 2490 0000 
  0x0000027715a66a3c: 004c 8b8c | 2488 0000 | 004c 8b84 | 2480 0000 | 0048 8b54 

  0x0000027715a66a50: ;   {metadata(method data for {method} {0x00000277294352d8} 'defineClass' '(Ljava/lang/String;[BIILjava/security/ProtectionDomain;)Ljava/lang/Class;' in 'java/lang/ClassLoader')}
  0x0000027715a66a50: 2478 48b9 | a8b4 366d | 7702 0000 | 4883 8180 | 0100 0001 | 4c8b da49 | 8bd3 488b | c848 891c 
  0x0000027715a66a70: 2466 0f1f 

  0x0000027715a66a74: ;   {static_call}
  0x0000027715a66a74: 4400 00e8 

  0x0000027715a66a78: ; ImmutableOopMap {[120]=Oop [152]=Oop }
                      ;*invokestatic defineClass1 {reexecute=0 rethrow=0 return_oop=0}
                      ; - java.lang.ClassLoader::defineClass@27
  0x0000027715a66a78: e43c 8007 

  0x0000027715a66a7c: ;   {other}
  0x0000027715a66a7c: 0f1f 8400 | 6c05 0002 | 488b 5424 

  0x0000027715a66a88: ;   {metadata(method data for {method} {0x00000277294352d8} 'defineClass' '(Ljava/lang/String;[BIILjava/security/ProtectionDomain;)Ljava/lang/Class;' in 'java/lang/ClassLoader')}
  0x0000027715a66a88: 7849 b8a8 | b436 6d77 | 0200 0049 | 8380 9001 | 0000 014c | 8bc0 4c8b | 8c24 9800 | 0000 488b 
  0x0000027715a66aa8: 5424 7848 | 8984 24a0 | 0000 000f 

  0x0000027715a66ab4: ;   {optimized virtual_call}
  0x0000027715a66ab4: 1f40 00e8 

  0x0000027715a66ab8: ; ImmutableOopMap {[160]=Oop }
                      ;*invokevirtual postDefineClass {reexecute=0 rethrow=0 return_oop=0}
                      ; - java.lang.ClassLoader::defineClass@37
  0x0000027715a66ab8: 64a3 f8ff 

  0x0000027715a66abc: ;   {other}
  0x0000027715a66abc: 0f1f 8400 | ac05 0003 | 488b 8424 | a000 0000 | 4881 c4b0 | 0000 005d 

  0x0000027715a66ad4: ;   {poll_return}
  0x0000027715a66ad4: 493b a750 | 0400 000f | 8799 0000 

  0x0000027715a66ae0: ;   {metadata({method} {0x00000277294352d8} 'defineClass' '(Ljava/lang/String;[BIILjava/security/ProtectionDomain;)Ljava/lang/Class;' in 'java/lang/ClassLoader')}
  0x0000027715a66ae0: 00c3 49ba | d052 4329 | 7702 0000 | 4c89 5424 | 0848 c704 | 24ff ffff 

  0x0000027715a66af8: ;   {runtime_call counter_overflow Runtime1 stub}
  0x0000027715a66af8: ffe8 02d3 

  0x0000027715a66afc: ; ImmutableOopMap {rdx=Oop r8=Oop r9=Oop rcx=Oop [120]=Oop }
                      ;*synchronization entry
                      ; - java.lang.ClassLoader::defineClass@-1
  0x0000027715a66afc: 3007 e987 

  0x0000027715a66b00: ;   {metadata({method} {0x0000027729434fc0} 'defineClassSourceLocation' '(Ljava/security/ProtectionDomain;)Ljava/lang/String;' in 'java/lang/ClassLoader')}
  0x0000027715a66b00: fcff ff49 | bab8 4f43 | 2977 0200 | 004c 8954 | 2408 48c7 | 0424 ffff 

  0x0000027715a66b18: ;   {runtime_call counter_overflow Runtime1 stub}
  0x0000027715a66b18: ffff e8e1 

  0x0000027715a66b1c: ; ImmutableOopMap {rax=Oop [120]=Oop [128]=Oop [136]=Oop [152]=Oop }
                      ;*synchronization entry
                      ; - java.lang.ClassLoader::defineClassSourceLocation@-1
                      ; - java.lang.ClassLoader::defineClass@12
  0x0000027715a66b1c: d230 07e9 | 00fd ffff 

  0x0000027715a66b24: ;   {runtime_call throw_null_pointer_exception Runtime1 stub}
  0x0000027715a66b24: e8d7 6c30 

  0x0000027715a66b28: ; ImmutableOopMap {rax=Oop [120]=Oop [128]=Oop [136]=Oop [152]=Oop }
                      ;*invokevirtual getCodeSource {reexecute=0 rethrow=0 return_oop=0}
                      ; - java.lang.ClassLoader::defineClassSourceLocation@1
                      ; - java.lang.ClassLoader::defineClass@12
                      ;   {runtime_call throw_null_pointer_exception Runtime1 stub}
  0x0000027715a66b28: 07e8 d26c 

  0x0000027715a66b2c: ; ImmutableOopMap {rax=Oop r8=Oop [120]=Oop [128]=Oop [136]=Oop [152]=Oop }
                      ;*invokevirtual getLocation {reexecute=0 rethrow=0 return_oop=0}
                      ; - java.lang.ClassLoader::defineClassSourceLocation@12
                      ; - java.lang.ClassLoader::defineClass@12
                      ;   {runtime_call throw_null_pointer_exception Runtime1 stub}
  0x0000027715a66b2c: 3007 e8cd 

  0x0000027715a66b30: ; ImmutableOopMap {rdx=Oop [120]=Oop [128]=Oop [136]=Oop [152]=Oop }
                      ;*invokevirtual toString {reexecute=0 rethrow=0 return_oop=0}
                      ; - java.lang.ClassLoader::defineClassSourceLocation@22
                      ; - java.lang.ClassLoader::defineClass@12
                      ;   {metadata({method} {0x000002772901abf0} 'toString' '()Ljava/lang/String;' in 'java/net/URL')}
  0x0000027715a66b30: 6c30 0749 | bae8 ab01 | 2977 0200 | 004c 8954 | 2408 48c7 | 0424 ffff 

  0x0000027715a66b48: ;   {runtime_call counter_overflow Runtime1 stub}
  0x0000027715a66b48: ffff e8b1 

  0x0000027715a66b4c: ; ImmutableOopMap {rdx=Oop [120]=Oop [128]=Oop [136]=Oop [152]=Oop }
                      ;*synchronization entry
                      ; - java.net.URL::toString@-1
                      ; - java.lang.ClassLoader::defineClassSourceLocation@22
                      ; - java.lang.ClassLoader::defineClass@12
  0x0000027715a66b4c: d230 07e9 | d7fd ffff 

  0x0000027715a66b54: ;   {metadata({method} {0x0000027729428b60} 'toExternalForm' '()Ljava/lang/String;' in 'java/net/URL')}
  0x0000027715a66b54: 49ba 588b | 4229 7702 | 0000 4c89 | 5424 0848 | c704 24ff 

  0x0000027715a66b68: ;   {runtime_call counter_overflow Runtime1 stub}
  0x0000027715a66b68: ffff ffe8 

  0x0000027715a66b6c: ; ImmutableOopMap {rdx=Oop [120]=Oop [128]=Oop [136]=Oop [152]=Oop }
                      ;*synchronization entry
                      ; - java.net.URL::toExternalForm@-1
                      ; - java.net.URL::toString@1
                      ; - java.lang.ClassLoader::defineClassSourceLocation@22
                      ; - java.lang.ClassLoader::defineClass@12
  0x0000027715a66b6c: 90d2 3007 | e9f4 fdff 

  0x0000027715a66b74: ;   {runtime_call throw_null_pointer_exception Runtime1 stub}
  0x0000027715a66b74: ffe8 866c 

  0x0000027715a66b78: ; ImmutableOopMap {rdx=Oop rsi=Oop [120]=Oop [128]=Oop [136]=Oop [152]=Oop }
                      ;*invokevirtual toExternalForm {reexecute=0 rethrow=0 return_oop=0}
                      ; - java.net.URL::toExternalForm@5
                      ; - java.net.URL::toString@1
                      ; - java.lang.ClassLoader::defineClassSourceLocation@22
                      ; - java.lang.ClassLoader::defineClass@12
                      ;   {internal_word}
  0x0000027715a66b78: 3007 49ba | d46a a615 | 7702 0000 | 4d89 9768 

  0x0000027715a66b88: ;   {runtime_call SafepointBlob}
  0x0000027715a66b88: 0400 00e9 | 70df 2507 | 498b 8700 | 0500 0049 | c787 0005 | 0000 0000 | 0000 49c7 | 8708 0500 
  0x0000027715a66ba8: 0000 0000 | 0048 81c4 | b000 0000 

  0x0000027715a66bb4: ;   {runtime_call unwind_exception Runtime1 stub}
  0x0000027715a66bb4: 5de9 4657 | 3007 f4f4 | f4f4 f4f4 
[Stub Code]
  0x0000027715a66bc0: ;   {no_reloc}
  0x0000027715a66bc0: 0f1f 4400 

  0x0000027715a66bc4: ;   {static_stub}
  0x0000027715a66bc4: 0048 bb00 | 0000 0000 

  0x0000027715a66bcc: ;   {runtime_call nmethod}
  0x0000027715a66bcc: 0000 00e9 | fbff ffff 

  0x0000027715a66bd4: ;   {static_stub}
  0x0000027715a66bd4: 48bb 0000 | 0000 0000 

  0x0000027715a66bdc: ;   {runtime_call nmethod}
  0x0000027715a66bdc: 0000 e9fb 

  0x0000027715a66be0: ;   {static_stub}
  0x0000027715a66be0: ffff ff48 | bb00 0000 | 0000 0000 

  0x0000027715a66bec: ;   {runtime_call nmethod}
  0x0000027715a66bec: 00e9 fbff 

  0x0000027715a66bf0: ;   {static_stub}
  0x0000027715a66bf0: ffff 48bb | 0000 0000 | 0000 0000 

  0x0000027715a66bfc: ;   {runtime_call nmethod}
  0x0000027715a66bfc: e9fb ffff 

  0x0000027715a66c00: ;   {runtime_call handle_exception_from_callee Runtime1 stub}
  0x0000027715a66c00: ffe8 fa89 

  0x0000027715a66c04: ;   {external_word}
  0x0000027715a66c04: 3007 48b9 | 4053 3b97 | f87f 0000 | 4883 e4f0 

  0x0000027715a66c14: ;   {runtime_call}
  0x0000027715a66c14: 48b8 b0c3 | fd96 f87f | 0000 ffd0 

  0x0000027715a66c20: ;   {section_word}
  0x0000027715a66c20: f449 ba21 | 6ca6 1577 | 0200 0041 

  0x0000027715a66c2c: ;   {runtime_call DeoptimizationBlob}
  0x0000027715a66c2c: 52e9 6ed1 | 2507 f4f4 | f4f4 f4f4 
[/MachCode]


Compiled method (c1) 2753 2298   !   3       org.eclipse.osgi.internal.loader.ModuleClassLoader::defineClass (67 bytes)
 total in heap  [0x0000027715b92010,0x0000027715b92bf0] = 3040
 relocation     [0x0000027715b92170,0x0000027715b92218] = 168
 main code      [0x0000027715b92220,0x0000027715b92820] = 1536
 stub code      [0x0000027715b92820,0x0000027715b92890] = 112
 oops           [0x0000027715b92890,0x0000027715b92898] = 8
 metadata       [0x0000027715b92898,0x0000027715b928d8] = 64
 scopes data    [0x0000027715b928d8,0x0000027715b92a28] = 336
 scopes pcs     [0x0000027715b92a28,0x0000027715b92b38] = 272
 dependencies   [0x0000027715b92b38,0x0000027715b92b50] = 24
 handler table  [0x0000027715b92b50,0x0000027715b92bc8] = 120
 nul chk table  [0x0000027715b92bc8,0x0000027715b92bf0] = 40

[Constant Pool (empty)]

[MachCode]
[Entry Point]
  # {method} {0x000002776d5dfe98} 'defineClass' '(Ljava/lang/String;[BLorg/eclipse/osgi/internal/loader/classpath/ClasspathEntry;)Lorg/eclipse/osgi/internal/loader/ModuleClassLoader$DefineClassResult;' in 'org/eclipse/osgi/internal/loader/ModuleClassLoader'
  # this:     rdx:rdx   = 'org/eclipse/osgi/internal/loader/ModuleClassLoader'
  # parm0:    r8:r8     = 'java/lang/String'
  # parm1:    r9:r9     = '[B'
  # parm2:    rdi:rdi   = 'org/eclipse/osgi/internal/loader/classpath/ClasspathEntry'
  #           [sp+0xb0]  (sp of caller)
  0x0000027715b92220: 448b 5208 | 49bb 0000 | 0029 7702 | 0000 4d03 | d34c 3bd0 

  0x0000027715b92234: ;   {runtime_call ic_miss_stub}
  0x0000027715b92234: 0f85 46c2 | 1207 660f | 1f44 0000 
[Verified Entry Point]
  0x0000027715b92240: 8984 2400 | 80ff ff55 | 4881 eca0 | 0000 0090 | 4181 7f20 | 0100 0000 

  0x0000027715b92258: ;   {runtime_call StubRoutines (final stubs)}
  0x0000027715b92258: 7405 e881 

  0x0000027715b9225c: ;   {metadata(method data for {method} {0x000002776d5dfe98} 'defineClass' '(Ljava/lang/String;[BLorg/eclipse/osgi/internal/loader/classpath/ClasspathEntry;)Lorg/eclipse/osgi/internal/loader/ModuleClassLoader$DefineClassResult;' in 'org/eclipse/osgi/internal/loader/ModuleClassLoader')}
  0x0000027715b9225c: 6711 0748 | be28 a0ab | 6d77 0200 | 008b 9ecc | 0000 0083 | c302 899e | cc00 0000 | 81e3 fe07 
  0x0000027715b9227c: 0000 85db | 0f84 5304 | 0000 4889 | 7c24 704c | 894c 2468 

  0x0000027715b92290: ;   {metadata(method data for {method} {0x000002776d5dfe98} 'defineClass' '(Ljava/lang/String;[BLorg/eclipse/osgi/internal/loader/classpath/ClasspathEntry;)Lorg/eclipse/osgi/internal/loader/ModuleClassLoader$DefineClassResult;' in 'org/eclipse/osgi/internal/loader/ModuleClassLoader')}
  0x0000027715b92290: 488b f248 | bb28 a0ab | 6d77 0200 | 008b 7608 | 49ba 0000 | 0029 7702 | 0000 4903 | f248 3bb3 
  0x0000027715b922b0: 2001 0000 | 750d 4883 | 8328 0100 | 0001 e960 | 0000 0048 | 3bb3 3001 | 0000 750d | 4883 8338 
  0x0000027715b922d0: 0100 0001 | e94a 0000 | 0048 83bb | 2001 0000 | 0075 1748 | 89b3 2001 | 0000 48c7 | 8328 0100 
  0x0000027715b922f0: 0001 0000 | 00e9 2900 | 0000 4883 | bb30 0100 | 0000 7517 | 4889 b330 | 0100 0048 | c783 3801 
  0x0000027715b92310: 0000 0100 | 0000 e908 | 0000 0048 | 8383 1001 

  0x0000027715b92320: ;   {metadata(method data for {method} {0x000002776d624b48} 'getClassLoadingLock' '(Ljava/lang/String;)Ljava/lang/Object;' in 'org/eclipse/osgi/internal/loader/ModuleClassLoader')}
  0x0000027715b92320: 0000 0148 | be10 7e7b | 6d77 0200 | 008b 9ecc | 0000 0083 | c302 899e | cc00 0000 | 81e3 feff 
  0x0000027715b92340: 1f00 85db | 0f84 b003 | 0000 8b72 | 5048 3b06 

  0x0000027715b92350: ;   {metadata(method data for {method} {0x000002776d624b48} 'getClassLoadingLock' '(Ljava/lang/String;)Ljava/lang/Object;' in 'org/eclipse/osgi/internal/loader/ModuleClassLoader')}
  0x0000027715b92350: 488b de48 | b810 7e7b | 6d77 0200 | 0048 8380 | 1001 0000 | 0149 8bd8 | 4c8b c348 | 8954 2458 
  0x0000027715b92370: 488b d648 | 895c 2460 | 0f1f 8000 

  0x0000027715b9237c: ;   {optimized virtual_call}
  0x0000027715b9237c: 0000 00e8 

  0x0000027715b92380: ; ImmutableOopMap {[88]=Oop [96]=Oop [104]=Oop [112]=Oop }
                      ;*invokevirtual getLock {reexecute=0 rethrow=0 return_oop=0}
                      ; - org.eclipse.osgi.internal.loader.ModuleClassLoader::getClassLoadingLock@5 (line 437)
                      ; - org.eclipse.osgi.internal.loader.ModuleClassLoader::defineClass@8 (line 312)
  0x0000027715b92380: fcc5 f0ff 

  0x0000027715b92384: ;   {other}
  0x0000027715b92384: 0f1f 8400 | 7403 0000 | 4889 4424 | 7848 8d94 | 2480 0000 | 0048 8bf0 | 4889 7208 

  0x0000027715b923a0: ; implicit exception: dispatches to 0x0000027715b92720
  0x0000027715b923a0: 488b 0648 | 83c8 0148 | 8902 f048 | 0fb1 160f | 8412 0000 | 0048 2bc4 | 4825 07f0 | ffff 4889 
  0x0000027715b923c0: 020f 855e | 0300 0049 | ff87 5005 | 0000 488b 

  0x0000027715b923d0: ;   {metadata(method data for {method} {0x000002776d5dfe98} 'defineClass' '(Ljava/lang/String;[BLorg/eclipse/osgi/internal/loader/classpath/ClasspathEntry;)Lorg/eclipse/osgi/internal/loader/ModuleClassLoader$DefineClassResult;' in 'org/eclipse/osgi/internal/loader/ModuleClassLoader')}
  0x0000027715b923d0: 5424 5848 | be28 a0ab | 6d77 0200 | 0048 8386 | 4801 0000 

  0x0000027715b923e4: ;   {metadata(method data for {method} {0x00000277294353e0} 'findLoadedClass' '(Ljava/lang/String;)Ljava/lang/Class;' in 'java/lang/ClassLoader')}
  0x0000027715b923e4: 0148 bab8 | c623 6d77 | 0200 008b | b2cc 0000 | 0083 c602 | 89b2 cc00 | 0000 81e6 | feff 1f00 
  0x0000027715b92404: 85f6 0f84 | 2c03 0000 

  0x0000027715b9240c: ;   {metadata(method data for {method} {0x00000277294353e0} 'findLoadedClass' '(Ljava/lang/String;)Ljava/lang/Class;' in 'java/lang/ClassLoader')}
  0x0000027715b9240c: 48ba b8c6 | 236d 7702 | 0000 4883 | 8210 0100 | 0001 488b | 5424 600f 

  0x0000027715b92424: ;   {static_call}
  0x0000027715b92424: 1f40 00e8 

  0x0000027715b92428: ; ImmutableOopMap {[88]=Oop [96]=Oop [104]=Oop [112]=Oop [120]=Oop [136]=Oop }
                      ;*invokestatic checkName {reexecute=0 rethrow=0 return_oop=0}
                      ; - java.lang.ClassLoader::findLoadedClass@1
                      ; - org.eclipse.osgi.internal.loader.ModuleClassLoader::defineClass@17 (line 313)
  0x0000027715b92428: 942d 7407 

  0x0000027715b9242c: ;   {other}
  0x0000027715b9242c: 0f1f 8400 | 1c04 0001 

  0x0000027715b92434: ;   {metadata(method data for {method} {0x00000277294353e0} 'findLoadedClass' '(Ljava/lang/String;)Ljava/lang/Class;' in 'java/lang/ClassLoader')}
  0x0000027715b92434: 85c0 49b8 | b8c6 236d | 7702 0000 | 48c7 c220 | 0100 0075 | 0748 c7c2 | 3001 0000 | 498b 3410 
  0x0000027715b92454: 488d 7601 | 4989 3410 | 0f85 0f00 

  0x0000027715b92460: ;   {oop(nullptr)}
  0x0000027715b92460: 0000 48be | 0000 0000 | 0000 0000 | e936 0000 | 0048 8b54 

  0x0000027715b92474: ;   {metadata(method data for {method} {0x00000277294353e0} 'findLoadedClass' '(Ljava/lang/String;)Ljava/lang/Class;' in 'java/lang/ClassLoader')}
  0x0000027715b92474: 2458 49b8 | b8c6 236d | 7702 0000 | 4983 8040 | 0100 0001 | 4c8b 4424 | 6048 8b54 | 2458 0f1f 
  0x0000027715b92494: ;   {optimized virtual_call}
  0x0000027715b92494: 4400 00e8 

  0x0000027715b92498: ; ImmutableOopMap {[88]=Oop [96]=Oop [104]=Oop [112]=Oop [120]=Oop [136]=Oop }
                      ;*invokevirtual findLoadedClass0 {reexecute=0 rethrow=0 return_oop=0}
                      ; - java.lang.ClassLoader::findLoadedClass@11
                      ; - org.eclipse.osgi.internal.loader.ModuleClassLoader::defineClass@17 (line 313)
  0x0000027715b92498: 2416 6a07 

  0x0000027715b9249c: ;   {other}
  0x0000027715b9249c: 0f1f 8400 | 8c04 0002 | 488b f048 

  0x0000027715b924a8: ;   {metadata(method data for {method} {0x000002776d5dfe98} 'defineClass' '(Ljava/lang/String;[BLorg/eclipse/osgi/internal/loader/classpath/ClasspathEntry;)Lorg/eclipse/osgi/internal/loader/ModuleClassLoader$DefineClassResult;' in 'org/eclipse/osgi/internal/loader/ModuleClassLoader')}
  0x0000027715b924a8: 85f6 49b8 | 28a0 ab6d | 7702 0000 | 49c7 c190 | 0100 0074 | 0749 c7c1 | 8001 0000 | 4b8b 3c08 
  0x0000027715b924c8: 488d 7f01 | 4b89 3c08 | 0f84 0e00 | 0000 488b | de41 b800 | 0000 00e9 | 6900 0000 | 488b 7c24 
  0x0000027715b924e8: 704c 8b4c | 2468 4c8b | 4424 6048 | 8b54 2458 

  0x0000027715b924f8: ; implicit exception: dispatches to 0x0000027715b92759
  0x0000027715b924f8: 418b 710c 

  0x0000027715b924fc: ; implicit exception: dispatches to 0x0000027715b9275e
  0x0000027715b924fc: 483b 0748 

  0x0000027715b92500: ;   {metadata(method data for {method} {0x000002776d5dfe98} 'defineClass' '(Ljava/lang/String;[BLorg/eclipse/osgi/internal/loader/classpath/ClasspathEntry;)Lorg/eclipse/osgi/internal/loader/ModuleClassLoader$DefineClassResult;' in 'org/eclipse/osgi/internal/loader/ModuleClassLoader')}
  0x0000027715b92500: 8bcf 48bb | 28a0 ab6d | 7702 0000 | 4883 83b8 | 0100 0001 | 8b4f 1048 

  0x0000027715b92518: ;   {metadata(method data for {method} {0x000002776d5dfe98} 'defineClass' '(Ljava/lang/String;[BLorg/eclipse/osgi/internal/loader/classpath/ClasspathEntry;)Lorg/eclipse/osgi/internal/loader/ModuleClassLoader$DefineClassResult;' in 'org/eclipse/osgi/internal/loader/ModuleClassLoader')}
  0x0000027715b92518: 8bfa 48bb | 28a0 ab6d | 7702 0000 | 4883 83d8 | 0100 0001 | bf00 0000 | 0066 0f1f 

  0x0000027715b92534: ;   {optimized virtual_call}
  0x0000027715b92534: 4400 00e8 

  0x0000027715b92538: ; ImmutableOopMap {[120]=Oop [136]=Oop }
                      ;*invokevirtual defineClass {reexecute=0 rethrow=0 return_oop=0}
                      ; - org.eclipse.osgi.internal.loader.ModuleClassLoader::defineClass@37 (line 315)
  0x0000027715b92538: 0442 edff 

  0x0000027715b9253c: ;   {other}
  0x0000027715b9253c: 0f1f 8400 | 2c05 0003 | 488b d841 | b801 0000 | 0048 8d84 | 2480 0000 | 0048 8b10 | 4885 d20f 
  0x0000027715b9255c: 840f 0000 | 0048 8b70 | 08f0 480f | b116 0f85 | f301 0000 | 49ff 8f50 

  0x0000027715b92574: ;   {metadata(method data for {method} {0x000002776d5dfe98} 'defineClass' '(Ljava/lang/String;[BLorg/eclipse/osgi/internal/loader/classpath/ClasspathEntry;)Lorg/eclipse/osgi/internal/loader/ModuleClassLoader$DefineClassResult;' in 'org/eclipse/osgi/internal/loader/ModuleClassLoader')}
  0x0000027715b92574: 0500 0048 | ba28 a0ab | 6d77 0200 | 00ff 8210 

  0x0000027715b92584: ;   {metadata('org/eclipse/osgi/internal/loader/ModuleClassLoader$DefineClassResult')}
  0x0000027715b92584: 0200 0048 | ba08 9e11 | 2a77 0200 | 0049 8b87 | b801 0000 | 488d 7818 | 493b bfc8 | 0100 000f 
  0x0000027715b925a4: 87d0 0100 | 0049 89bf | b801 0000 | 48c7 0001 | 0000 0048 | 8bca 49ba | 0000 0029 | 7702 0000 
  0x0000027715b925c4: 492b ca89 | 4808 4833 | c989 480c | 4833 c948 | 8948 1048 

  0x0000027715b925d8: ;   {metadata(method data for {method} {0x000002776d5dfe98} 'defineClass' '(Ljava/lang/String;[BLorg/eclipse/osgi/internal/loader/classpath/ClasspathEntry;)Lorg/eclipse/osgi/internal/loader/ModuleClassLoader$DefineClassResult;' in 'org/eclipse/osgi/internal/loader/ModuleClassLoader')}
  0x0000027715b925d8: 8bf0 48bf | 28a0 ab6d | 7702 0000 | 4883 8728 | 0200 0001 

  0x0000027715b925ec: ;   {metadata(method data for {method} {0x000002776d73e2e0} '<init>' '(Ljava/lang/Class;Z)V' in 'org/eclipse/osgi/internal/loader/ModuleClassLoader$DefineClassResult')}
  0x0000027715b925ec: 48be 58dd | a16d 7702 | 0000 8bbe | cc00 0000 | 83c7 0289 | becc 0000 | 0081 e7fe | ff1f 0085 
  0x0000027715b9260c: ff0f 8473 | 0100 0048 

  0x0000027715b92614: ;   {metadata(method data for {method} {0x000002776d73e2e0} '<init>' '(Ljava/lang/Class;Z)V' in 'org/eclipse/osgi/internal/loader/ModuleClassLoader$DefineClassResult')}
  0x0000027715b92614: 8bf0 48bf | 58dd a16d | 7702 0000 | 4883 8710 | 0100 0001 

  0x0000027715b92628: ;   {metadata(method data for {method} {0x0000027729474dc0} '<init>' '()V' in 'java/lang/Object')}
  0x0000027715b92628: 48be 9067 | 006d 7702 | 0000 8bbe | cc00 0000 | 83c7 0289 | becc 0000 | 0081 e7fe | ff1f 0085 
  0x0000027715b92648: ff0f 8458 | 0100 004c | 8bd3 4489 | 5010 488d | 3048 c1ee | 0948 bf00 | 00ae 1177 | 0200 00c6 
  0x0000027715b92668: 043e 0041 | 83e0 0144 | 8840 0c48 | 81c4 a000 

  0x0000027715b92678: ;   {poll_return}
  0x0000027715b92678: 0000 5d49 | 3ba7 5004 | 0000 0f87 | 4001 0000 | c349 8b87 | 0005 0000 | 4d33 d24d | 8997 0005 
  0x0000027715b92698: 0000 4d33 | d24d 8997 | 0805 0000 | 488b f048 | 8d84 2480 | 0000 0048 | 8b38 4885 | ff0f 840f 
  0x0000027715b926b8: 0000 0048 | 8b58 08f0 | 480f b13b | 0f85 1401 | 0000 49ff | 8f50 0500 | 0048 8bc6 | e938 0100 
  0x0000027715b926d8: ;   {metadata({method} {0x000002776d5dfe98} 'defineClass' '(Ljava/lang/String;[BLorg/eclipse/osgi/internal/loader/classpath/ClasspathEntry;)Lorg/eclipse/osgi/internal/loader/ModuleClassLoader$DefineClassResult;' in 'org/eclipse/osgi/internal/loader/ModuleClassLoader')}
  0x0000027715b926d8: 0049 ba90 | fe5d 6d77 | 0200 004c | 8954 2408 | 48c7 0424 | ffff ffff 

  0x0000027715b926f0: ;   {runtime_call counter_overflow Runtime1 stub}
  0x0000027715b926f0: e80b 171e 

  0x0000027715b926f4: ; ImmutableOopMap {rdx=Oop r8=Oop r9=Oop rdi=Oop }
                      ;*synchronization entry
                      ; - org.eclipse.osgi.internal.loader.ModuleClassLoader::defineClass@-1 (line 310)
  0x0000027715b926f4: 07e9 8cfb 

  0x0000027715b926f8: ;   {metadata({method} {0x000002776d624b48} 'getClassLoadingLock' '(Ljava/lang/String;)Ljava/lang/Object;' in 'org/eclipse/osgi/internal/loader/ModuleClassLoader')}
  0x0000027715b926f8: ffff 49ba | 404b 626d | 7702 0000 | 4c89 5424 | 0848 c704 | 24ff ffff 

  0x0000027715b92710: ;   {runtime_call counter_overflow Runtime1 stub}
  0x0000027715b92710: ffe8 ea16 

  0x0000027715b92714: ; ImmutableOopMap {rdx=Oop r8=Oop [104]=Oop [112]=Oop }
                      ;*synchronization entry
                      ; - org.eclipse.osgi.internal.loader.ModuleClassLoader::getClassLoadingLock@-1 (line 437)
                      ; - org.eclipse.osgi.internal.loader.ModuleClassLoader::defineClass@8 (line 312)
  0x0000027715b92714: 1e07 e92f 

  0x0000027715b92718: ;   {runtime_call throw_null_pointer_exception Runtime1 stub}
  0x0000027715b92718: fcff ffe8 

  0x0000027715b9271c: ; ImmutableOopMap {rdx=Oop r8=Oop rsi=Oop [104]=Oop [112]=Oop }
                      ;*invokevirtual getLock {reexecute=0 rethrow=0 return_oop=0}
                      ; - org.eclipse.osgi.internal.loader.ModuleClassLoader::getClassLoadingLock@5 (line 437)
                      ; - org.eclipse.osgi.internal.loader.ModuleClassLoader::defineClass@8 (line 312)
  0x0000027715b9271c: e0b0 1d07 

  0x0000027715b92720: ;   {runtime_call throw_null_pointer_exception Runtime1 stub}
  0x0000027715b92720: e8db b01d 

  0x0000027715b92724: ; ImmutableOopMap {rsi=Oop [88]=Oop [96]=Oop [104]=Oop [112]=Oop [120]=Oop }
                      ;*monitorenter {reexecute=0 rethrow=0 return_oop=0}
                      ; - org.eclipse.osgi.internal.loader.ModuleClassLoader::defineClass@14 (line 312)
  0x0000027715b92724: 0748 8974 | 2408 4889 

  0x0000027715b9272c: ;   {runtime_call monitorenter_nofpu Runtime1 stub}
  0x0000027715b9272c: 1424 e8cd 

  0x0000027715b92730: ; ImmutableOopMap {rsi=Oop [88]=Oop [96]=Oop [104]=Oop [112]=Oop [120]=Oop [136]=Oop }
                      ;*monitorenter {reexecute=0 rethrow=0 return_oop=0}
                      ; - org.eclipse.osgi.internal.loader.ModuleClassLoader::defineClass@14 (line 312)
  0x0000027715b92730: e91d 07e9 | 96fc ffff 

  0x0000027715b92738: ;   {metadata({method} {0x00000277294353e0} 'findLoadedClass' '(Ljava/lang/String;)Ljava/lang/Class;' in 'java/lang/ClassLoader')}
  0x0000027715b92738: 49ba d853 | 4329 7702 | 0000 4c89 | 5424 0848 | c704 24ff 

  0x0000027715b9274c: ;   {runtime_call counter_overflow Runtime1 stub}
  0x0000027715b9274c: ffff ffe8 

  0x0000027715b92750: ; ImmutableOopMap {[88]=Oop [96]=Oop [104]=Oop [112]=Oop [120]=Oop [136]=Oop }
                      ;*synchronization entry
                      ; - java.lang.ClassLoader::findLoadedClass@-1
                      ; - org.eclipse.osgi.internal.loader.ModuleClassLoader::defineClass@17 (line 313)
  0x0000027715b92750: ac16 1e07 | e9b3 fcff 

  0x0000027715b92758: ;   {runtime_call throw_null_pointer_exception Runtime1 stub}
  0x0000027715b92758: ffe8 a2b0 

  0x0000027715b9275c: ; ImmutableOopMap {rdx=Oop r8=Oop r9=Oop rdi=Oop [120]=Oop [136]=Oop }
                      ;*arraylength {reexecute=0 rethrow=0 return_oop=0}
                      ; - org.eclipse.osgi.internal.loader.ModuleClassLoader::defineClass@32 (line 315)
                      ;   {runtime_call throw_null_pointer_exception Runtime1 stub}
  0x0000027715b9275c: 1d07 e89d 

  0x0000027715b92760: ; ImmutableOopMap {rdx=Oop r8=Oop r9=Oop rdi=Oop [120]=Oop [136]=Oop }
                      ;*invokevirtual getDomain {reexecute=0 rethrow=0 return_oop=0}
                      ; - org.eclipse.osgi.internal.loader.ModuleClassLoader::defineClass@34 (line 315)
  0x0000027715b92760: b01d 0748 | 8d84 2480 | 0000 0048 

  0x0000027715b9276c: ;   {runtime_call monitorexit_nofpu Runtime1 stub}
  0x0000027715b9276c: 8904 24e8 | 8cef 1d07 | e9fe fdff | ff48 8bd2 

  0x0000027715b9277c: ;   {runtime_call fast_new_instance Runtime1 stub}
  0x0000027715b9277c: e87f b91d 

  0x0000027715b92780: ; ImmutableOopMap {rbx=Oop }
                      ;*new {reexecute=0 rethrow=0 return_oop=0}
                      ; - org.eclipse.osgi.internal.loader.ModuleClassLoader::defineClass@55 (line 319)
  0x0000027715b92780: 07e9 51fe 

  0x0000027715b92784: ;   {metadata({method} {0x000002776d73e2e0} '<init>' '(Ljava/lang/Class;Z)V' in 'org/eclipse/osgi/internal/loader/ModuleClassLoader$DefineClassResult')}
  0x0000027715b92784: ffff 49ba | d8e2 736d | 7702 0000 | 4c89 5424 | 0848 c704 | 24ff ffff 

  0x0000027715b9279c: ;   {runtime_call counter_overflow Runtime1 stub}
  0x0000027715b9279c: ffe8 5e16 

  0x0000027715b927a0: ; ImmutableOopMap {rbx=Oop rax=Oop }
                      ;*synchronization entry
                      ; - org.eclipse.osgi.internal.loader.ModuleClassLoader$DefineClassResult::<init>@-1 (line 96)
                      ; - org.eclipse.osgi.internal.loader.ModuleClassLoader::defineClass@63 (line 319)
  0x0000027715b927a0: 1e07 e96c 

  0x0000027715b927a4: ;   {metadata({method} {0x0000027729474dc0} '<init>' '()V' in 'java/lang/Object')}
  0x0000027715b927a4: feff ff49 | bab8 4d47 | 2977 0200 | 004c 8954 | 2408 48c7 | 0424 ffff 

  0x0000027715b927bc: ;   {runtime_call counter_overflow Runtime1 stub}
  0x0000027715b927bc: ffff e83d 

  0x0000027715b927c0: ; ImmutableOopMap {rbx=Oop rax=Oop }
                      ;*synchronization entry
                      ; - java.lang.Object::<init>@-1
                      ; - org.eclipse.osgi.internal.loader.ModuleClassLoader$DefineClassResult::<init>@1 (line 96)
                      ; - org.eclipse.osgi.internal.loader.ModuleClassLoader::defineClass@63 (line 319)
  0x0000027715b927c0: 161e 07e9 | 87fe ffff 

  0x0000027715b927c8: ;   {internal_word}
  0x0000027715b927c8: 49ba 7b26 | b915 7702 | 0000 4d89 | 9768 0400 

  0x0000027715b927d8: ;   {runtime_call SafepointBlob}
  0x0000027715b927d8: 00e9 2223 | 1307 488d | 8424 8000 | 0000 4889 

  0x0000027715b927e8: ;   {runtime_call monitorexit_nofpu Runtime1 stub}
  0x0000027715b927e8: 0424 e811 | ef1d 07e9 | ddfe ffff | 498b 8700 | 0500 0049 | c787 0005 | 0000 0000 | 0000 49c7 
  0x0000027715b92808: 8708 0500 | 0000 0000 | 0048 81c4 | a000 0000 

  0x0000027715b92818: ;   {runtime_call unwind_exception Runtime1 stub}
  0x0000027715b92818: 5de9 e29a | 1d07 f4f4 
[Stub Code]
  0x0000027715b92820: ;   {no_reloc}
  0x0000027715b92820: 48bb 0000 | 0000 0000 

  0x0000027715b92828: ;   {runtime_call nmethod}
  0x0000027715b92828: 0000 e9fb 

  0x0000027715b9282c: ;   {static_stub}
  0x0000027715b9282c: ffff ff48 | bb00 0000 | 0000 0000 

  0x0000027715b92838: ;   {runtime_call nmethod}
  0x0000027715b92838: 00e9 fbff 

  0x0000027715b9283c: ;   {static_stub}
  0x0000027715b9283c: ffff 48bb | 0000 0000 | 0000 0000 

  0x0000027715b92848: ;   {runtime_call nmethod}
  0x0000027715b92848: e9fb ffff 

  0x0000027715b9284c: ;   {static_stub}
  0x0000027715b9284c: ff48 bb00 | 0000 0000 

  0x0000027715b92854: ;   {runtime_call nmethod}
  0x0000027715b92854: 0000 00e9 | fbff ffff 
[Exception Handler]
  0x0000027715b9285c: ;   {runtime_call handle_exception_from_callee Runtime1 stub}
  0x0000027715b9285c: e89f cd1d 

  0x0000027715b92860: ;   {external_word}
  0x0000027715b92860: 0748 b940 | 533b 97f8 | 7f00 0048 

  0x0000027715b9286c: ;   {runtime_call}
  0x0000027715b9286c: 83e4 f048 | b8b0 c3fd | 96f8 7f00 | 00ff d0f4 
[Deopt Handler Code]
  0x0000027715b9287c: ;   {section_word}
  0x0000027715b9287c: 49ba 7c28 | b915 7702 | 0000 4152 

  0x0000027715b92888: ;   {runtime_call DeoptimizationBlob}
  0x0000027715b92888: e913 1513 | 07f4 f4f4 
[/MachCode]


---------------  P R O C E S S  ---------------

Threads class SMR info:
_java_thread_list=0x00000277712604f0, length=19, elements={
0x000002771253cd20, 0x00000277125e4f50, 0x00000277124eb0c0, 0x00000277125e7130,
0x00000277125e8050, 0x00000277125ea9d0, 0x00000277125fabe0, 0x00000277125fe840,
0x000002776b342eb0, 0x00000277125fb900, 0x00000277125fc620, 0x00000277125fbf90,
0x00000277125fccb0, 0x00000277125fd9d0, 0x00000277125fd340, 0x00000277125fb270,
0x0000027771160880, 0x00000277711615a0, 0x000002777115da90
}

Java Threads: ( => current thread )
  0x000002771253cd20 JavaThread "main"                              [_thread_blocked, id=7372, stack(0x000000e989100000,0x000000e989200000) (1024K)]
  0x00000277125e4f50 JavaThread "Reference Handler"          daemon [_thread_blocked, id=9632, stack(0x000000e989500000,0x000000e989600000) (1024K)]
  0x00000277124eb0c0 JavaThread "Finalizer"                  daemon [_thread_blocked, id=19996, stack(0x000000e989600000,0x000000e989700000) (1024K)]
  0x00000277125e7130 JavaThread "Signal Dispatcher"          daemon [_thread_blocked, id=10452, stack(0x000000e989700000,0x000000e989800000) (1024K)]
  0x00000277125e8050 JavaThread "Attach Listener"            daemon [_thread_blocked, id=28316, stack(0x000000e989800000,0x000000e989900000) (1024K)]
  0x00000277125ea9d0 JavaThread "Service Thread"             daemon [_thread_blocked, id=29064, stack(0x000000e989900000,0x000000e989a00000) (1024K)]
  0x00000277125fabe0 JavaThread "Monitor Deflation Thread"   daemon [_thread_blocked, id=29060, stack(0x000000e989a00000,0x000000e989b00000) (1024K)]
  0x00000277125fe840 JavaThread "C2 CompilerThread0"         daemon [_thread_blocked, id=30184, stack(0x000000e989b00000,0x000000e989c00000) (1024K)]
  0x000002776b342eb0 JavaThread "C1 CompilerThread0"         daemon [_thread_blocked, id=30180, stack(0x000000e989c00000,0x000000e989d00000) (1024K)]
  0x00000277125fb900 JavaThread "Common-Cleaner"             daemon [_thread_blocked, id=12376, stack(0x000000e989d00000,0x000000e989e00000) (1024K)]
  0x00000277125fc620 JavaThread "Notification Thread"        daemon [_thread_blocked, id=30232, stack(0x000000e989e00000,0x000000e989f00000) (1024K)]
  0x00000277125fbf90 JavaThread "Active Thread: Equinox Container: 6ab2804b-5c6d-4b5a-868a-50bb191ecb67"        [_thread_blocked, id=30356, stack(0x000000e98a500000,0x000000e98a600000) (1024K)]
  0x00000277125fccb0 JavaThread "Framework Event Dispatcher: Equinox Container: 6ab2804b-5c6d-4b5a-868a-50bb191ecb67" daemon [_thread_blocked, id=30424, stack(0x000000e98a600000,0x000000e98a700000) (1024K)]
=>0x00000277125fd9d0 JavaThread "Start Level: Equinox Container: 6ab2804b-5c6d-4b5a-868a-50bb191ecb67" daemon [_thread_in_vm, id=30420, stack(0x000000e98a700000,0x000000e98a800000) (1024K)]
  0x00000277125fd340 JavaThread "SCR Component Actor"        daemon [_thread_blocked, id=30388, stack(0x000000e98a900000,0x000000e98aa00000) (1024K)]
  0x00000277125fb270 JavaThread "Worker-JM"                         [_thread_blocked, id=19432, stack(0x000000e98aa00000,0x000000e98ab00000) (1024K)]
  0x0000027771160880 JavaThread "JNA Cleaner"                daemon [_thread_blocked, id=27856, stack(0x000000e98ad00000,0x000000e98ae00000) (1024K)]
  0x00000277711615a0 JavaThread "Worker-0"                          [_thread_blocked, id=16356, stack(0x000000e98ae00000,0x000000e98af00000) (1024K)]
  0x000002777115da90 JavaThread "Worker-1"                          [_thread_blocked, id=30620, stack(0x000000e98af00000,0x000000e98b000000) (1024K)]
Total: 19

Other Threads:
  0x00000277124d70e0 VMThread "VM Thread"                           [id=19980, stack(0x000000e989400000,0x000000e989500000) (1024K)]
  0x00000277123cca00 WatcherThread "VM Periodic Task Thread"        [id=28264, stack(0x000000e989300000,0x000000e989400000) (1024K)]
  0x000002771255e190 WorkerThread "GC Thread#0"                     [id=27984, stack(0x000000e989200000,0x000000e989300000) (1024K)]
  0x000002776c731f50 WorkerThread "GC Thread#1"                     [id=30368, stack(0x000000e989f00000,0x000000e98a000000) (1024K)]
  0x000002776c732300 WorkerThread "GC Thread#2"                     [id=30364, stack(0x000000e98a000000,0x000000e98a100000) (1024K)]
  0x000002776c765850 WorkerThread "GC Thread#3"                     [id=30396, stack(0x000000e98a100000,0x000000e98a200000) (1024K)]
  0x000002776c765c00 WorkerThread "GC Thread#4"                     [id=30392, stack(0x000000e98a200000,0x000000e98a300000) (1024K)]
  0x000002776c3a4c10 WorkerThread "GC Thread#5"                     [id=30400, stack(0x000000e98a300000,0x000000e98a400000) (1024K)]
  0x000002776c3a4fc0 WorkerThread "GC Thread#6"                     [id=30408, stack(0x000000e98a400000,0x000000e98a500000) (1024K)]
  0x000002776c791ad0 WorkerThread "GC Thread#7"                     [id=30384, stack(0x000000e98a800000,0x000000e98a900000) (1024K)]
  0x000002777104e6a0 WorkerThread "GC Thread#8"                     [id=29144, stack(0x000000e98ab00000,0x000000e98ac00000) (1024K)]
  0x000002777104ea50 WorkerThread "GC Thread#9"                     [id=26748, stack(0x000000e98ac00000,0x000000e98ad00000) (1024K)]
Total: 12

Threads with active compile tasks:
Total: 0

VM state: not at safepoint (normal execution)

VM Mutex/Monitor currently owned by a thread:  ([mutex/lock_event])
[0x00007ff89766c4e0] Metaspace_lock - owner thread: 0x00000277125fd9d0

Heap address: 0x0000000080000000, size: 2048 MB, Compressed Oops mode: 32-bit

CDS archive(s) mapped at: [0x0000027729000000-0x0000027729ba0000-0x0000027729ba0000), size 12189696, SharedBaseAddress: 0x0000027729000000, ArchiveRelocationMode: 1.
Compressed class space mapped at: 0x000002772a000000-0x000002776a000000, reserved size: 1073741824
Narrow klass base: 0x0000027729000000, Narrow klass shift: 0, Narrow klass range: 0x100000000

GC Precious Log:
 CardTable entry size: 512
 CPUs: 12 total, 12 available
 Memory: 15720M
 Large Page Support: Disabled
 NUMA Support: Disabled
 Compressed Oops: Enabled (32-bit)
 Alignments: Space 512K, Generation 512K, Heap 2M
 Heap Min Capacity: 100M
 Heap Initial Capacity: 100M
 Heap Max Capacity: 2G
 Pre-touch: Disabled
 Parallel Workers: 10

Heap:
 PSYoungGen      total 29696K, used 21990K [0x00000000d5580000, 0x00000000d7680000, 0x0000000100000000)
  eden space 25600K, 69% used [0x00000000d5580000,0x00000000d66fdaa8,0x00000000d6e80000)
  from space 4096K, 99% used [0x00000000d7280000,0x00000000d767bf10,0x00000000d7680000)
  to   space 4096K, 0% used [0x00000000d6e80000,0x00000000d6e80000,0x00000000d7280000)
 ParOldGen       total 68608K, used 6242K [0x0000000080000000, 0x0000000084300000, 0x00000000d5580000)
  object space 68608K, 9% used [0x0000000080000000,0x0000000080618b00,0x0000000084300000)
 Metaspace       used 18290K, committed 18880K, reserved 1114112K
  class space    used 1860K, committed 2112K, reserved 1048576K

Card table byte_map: [0x0000027711ee0000,0x00000277122f0000] _byte_map_base: 0x0000027711ae0000

Marking Bits: (ParMarkBitMap*) 0x00007ff897673450
 Begin Bits: [0x00000277249f0000, 0x00000277269f0000)
 End Bits:   [0x00000277269f0000, 0x00000277289f0000)

Polling page: 0x0000027710230000

Metaspace:

Usage:
  Non-class:     16.04 MB used.
      Class:      1.82 MB used.
       Both:     17.86 MB used.

Virtual space:
  Non-class space:       64.00 MB reserved,      16.38 MB ( 26%) committed,  1 nodes.
      Class space:        1.00 GB reserved,       2.06 MB ( <1%) committed,  1 nodes.
             Both:        1.06 GB reserved,      18.44 MB (  2%) committed. 

Chunk freelists:
   Non-Class:  15.17 MB
       Class:  13.75 MB
        Both:  28.92 MB

MaxMetaspaceSize: unlimited
CompressedClassSpaceSize: 1.00 GB
Initial GC threshold: 21.00 MB
Current GC threshold: 21.00 MB
CDS: on
 - commit_granule_bytes: 65536.
 - commit_granule_words: 8192.
 - virtual_space_node_default_size: 8388608.
 - enlarge_chunks_in_place: 1.
 - use_allocation_guard: 0.


Internal statistics:

num_allocs_failed_limit: 0.
num_arena_births: 500.
num_arena_deaths: 0.
num_vsnodes_births: 2.
num_vsnodes_deaths: 0.
num_space_committed: 295.
num_space_uncommitted: 0.
num_chunks_returned_to_freelist: 0.
num_chunks_taken_from_freelist: 1189.
num_chunk_merges: 0.
num_chunk_splits: 749.
num_chunks_enlarged: 473.
num_inconsistent_stats: 0.

CodeHeap 'non-profiled nmethods': size=120000Kb used=1062Kb max_used=1062Kb free=118937Kb
 bounds [0x000002771d210000, 0x000002771d480000, 0x0000027724740000]
CodeHeap 'profiled nmethods': size=120000Kb used=5115Kb max_used=5115Kb free=114884Kb
 bounds [0x0000027715740000, 0x0000027715c40000, 0x000002771cc70000]
CodeHeap 'non-nmethods': size=5760Kb used=1272Kb max_used=1319Kb free=4487Kb
 bounds [0x000002771cc70000, 0x000002771cee0000, 0x000002771d210000]
CodeCache: size=245760Kb, used=7449Kb, max_used=7496Kb, free=238308Kb
 total_blobs=3221, nmethods=2672, adapters=455, full_count=0
Compilation: enabled, stopped_count=0, restarted_count=0

Compilation events (20 events):
Event: 2.472 Thread 0x000002776b342eb0 2665       3       java.lang.System$2::defineClass (21 bytes)
Event: 2.472 Thread 0x000002776b342eb0 nmethod 2665 0x0000027715c38390 code [0x0000027715c38540, 0x0000027715c386b8]
Event: 2.473 Thread 0x000002776b342eb0 2666       3       java.lang.invoke.MethodHandles$Lookup::makeHiddenClassDefiner (20 bytes)
Event: 2.473 Thread 0x000002776b342eb0 nmethod 2666 0x0000027715c38790 code [0x0000027715c38960, 0x0000027715c38c68]
Event: 2.473 Thread 0x000002776b342eb0 2668       3       java.lang.invoke.MethodHandles$Lookup$ClassOption::optionsToFlag (40 bytes)
Event: 2.474 Thread 0x000002776b342eb0 nmethod 2668 0x0000027715c38e10 code [0x0000027715c39000, 0x0000027715c394f8]
Event: 2.474 Thread 0x000002776b342eb0 2667       3       java.lang.invoke.MethodHandles$Lookup::makeHiddenClassDefiner (44 bytes)
Event: 2.474 Thread 0x000002776b342eb0 nmethod 2667 0x0000027715c39690 code [0x0000027715c398c0, 0x0000027715c39f90]
Event: 2.474 Thread 0x000002776b342eb0 2669       1       java.lang.invoke.MethodHandleImpl$IntrinsicMethodHandle::getTarget (5 bytes)
Event: 2.474 Thread 0x000002776b342eb0 nmethod 2669 0x000002771d307090 code [0x000002771d307220, 0x000002771d3072e8]
Event: 2.501 Thread 0x000002776b342eb0 2670       1       org.eclipse.osgi.internal.loader.sources.PackageSource::getId (5 bytes)
Event: 2.501 Thread 0x000002776b342eb0 nmethod 2670 0x000002771d307390 code [0x000002771d307520, 0x000002771d3075e8]
Event: 2.507 Thread 0x000002776b342eb0 2671       3       java.util.ArrayDeque::clear (26 bytes)
Event: 2.508 Thread 0x000002776b342eb0 nmethod 2671 0x0000027715c3a290 code [0x0000027715c3a440, 0x0000027715c3a5a8]
Event: 2.509 Thread 0x000002776b342eb0 2672       3       org.lombokweb.asm.SymbolTable::addConstantIntegerOrFloat (21 bytes)
Event: 2.509 Thread 0x000002776b342eb0 nmethod 2672 0x0000027715c3a690 code [0x0000027715c3a860, 0x0000027715c3aac8]
Event: 2.510 Thread 0x000002776b342eb0 2673       3       org.lombokweb.asm.SymbolTable::addConstant (317 bytes)
Event: 2.511 Thread 0x000002776b342eb0 nmethod 2673 0x0000027715c3ac10 code [0x0000027715c3b1c0, 0x0000027715c3e310]
Event: 2.511 Thread 0x000002776b342eb0 2674       1       lombok.patcher.scripts.AddFieldScript::access$0 (5 bytes)
Event: 2.511 Thread 0x000002776b342eb0 nmethod 2674 0x000002771d307690 code [0x000002771d307820, 0x000002771d3078d0]

GC Heap History (8 events):
Event: 0.794 GC heap before
{Heap before GC invocations=1 (full 0):
 PSYoungGen      total 29696K, used 25600K [0x00000000d5580000, 0x00000000d7680000, 0x0000000100000000)
  eden space 25600K, 100% used [0x00000000d5580000,0x00000000d6e80000,0x00000000d6e80000)
  from space 4096K, 0% used [0x00000000d7280000,0x00000000d7280000,0x00000000d7680000)
  to   space 4096K, 0% used [0x00000000d6e80000,0x00000000d6e80000,0x00000000d7280000)
 ParOldGen       total 68608K, used 0K [0x0000000080000000, 0x0000000084300000, 0x00000000d5580000)
  object space 68608K, 0% used [0x0000000080000000,0x0000000080000000,0x0000000084300000)
 Metaspace       used 4333K, committed 4608K, reserved 1114112K
  class space    used 473K, committed 576K, reserved 1048576K
}
Event: 0.801 GC heap after
{Heap after GC invocations=1 (full 0):
 PSYoungGen      total 29696K, used 3280K [0x00000000d5580000, 0x00000000d7680000, 0x0000000100000000)
  eden space 25600K, 0% used [0x00000000d5580000,0x00000000d5580000,0x00000000d6e80000)
  from space 4096K, 80% used [0x00000000d6e80000,0x00000000d71b4148,0x00000000d7280000)
  to   space 4096K, 0% used [0x00000000d7280000,0x00000000d7280000,0x00000000d7680000)
 ParOldGen       total 68608K, used 16K [0x0000000080000000, 0x0000000084300000, 0x00000000d5580000)
  object space 68608K, 0% used [0x0000000080000000,0x0000000080004000,0x0000000084300000)
 Metaspace       used 4333K, committed 4608K, reserved 1114112K
  class space    used 473K, committed 576K, reserved 1048576K
}
Event: 1.283 GC heap before
{Heap before GC invocations=2 (full 0):
 PSYoungGen      total 29696K, used 28880K [0x00000000d5580000, 0x00000000d7680000, 0x0000000100000000)
  eden space 25600K, 100% used [0x00000000d5580000,0x00000000d6e80000,0x00000000d6e80000)
  from space 4096K, 80% used [0x00000000d6e80000,0x00000000d71b4148,0x00000000d7280000)
  to   space 4096K, 0% used [0x00000000d7280000,0x00000000d7280000,0x00000000d7680000)
 ParOldGen       total 68608K, used 16K [0x0000000080000000, 0x0000000084300000, 0x00000000d5580000)
  object space 68608K, 0% used [0x0000000080000000,0x0000000080004000,0x0000000084300000)
 Metaspace       used 8096K, committed 8384K, reserved 1114112K
  class space    used 856K, committed 960K, reserved 1048576K
}
Event: 1.287 GC heap after
{Heap after GC invocations=2 (full 0):
 PSYoungGen      total 29696K, used 4075K [0x00000000d5580000, 0x00000000d7680000, 0x0000000100000000)
  eden space 25600K, 0% used [0x00000000d5580000,0x00000000d5580000,0x00000000d6e80000)
  from space 4096K, 99% used [0x00000000d7280000,0x00000000d767aff8,0x00000000d7680000)
  to   space 4096K, 0% used [0x00000000d6e80000,0x00000000d6e80000,0x00000000d7280000)
 ParOldGen       total 68608K, used 1130K [0x0000000080000000, 0x0000000084300000, 0x00000000d5580000)
  object space 68608K, 1% used [0x0000000080000000,0x000000008011a878,0x0000000084300000)
 Metaspace       used 8096K, committed 8384K, reserved 1114112K
  class space    used 856K, committed 960K, reserved 1048576K
}
Event: 1.701 GC heap before
{Heap before GC invocations=3 (full 0):
 PSYoungGen      total 29696K, used 29675K [0x00000000d5580000, 0x00000000d7680000, 0x0000000100000000)
  eden space 25600K, 100% used [0x00000000d5580000,0x00000000d6e80000,0x00000000d6e80000)
  from space 4096K, 99% used [0x00000000d7280000,0x00000000d767aff8,0x00000000d7680000)
  to   space 4096K, 0% used [0x00000000d6e80000,0x00000000d6e80000,0x00000000d7280000)
 ParOldGen       total 68608K, used 1130K [0x0000000080000000, 0x0000000084300000, 0x00000000d5580000)
  object space 68608K, 1% used [0x0000000080000000,0x000000008011a878,0x0000000084300000)
 Metaspace       used 12880K, committed 13376K, reserved 1114112K
  class space    used 1366K, committed 1600K, reserved 1048576K
}
Event: 1.704 GC heap after
{Heap after GC invocations=3 (full 0):
 PSYoungGen      total 29696K, used 4082K [0x00000000d5580000, 0x00000000d7680000, 0x0000000100000000)
  eden space 25600K, 0% used [0x00000000d5580000,0x00000000d5580000,0x00000000d6e80000)
  from space 4096K, 99% used [0x00000000d6e80000,0x00000000d727c880,0x00000000d7280000)
  to   space 4096K, 0% used [0x00000000d7280000,0x00000000d7280000,0x00000000d7680000)
 ParOldGen       total 68608K, used 2764K [0x0000000080000000, 0x0000000084300000, 0x00000000d5580000)
  object space 68608K, 4% used [0x0000000080000000,0x00000000802b3338,0x0000000084300000)
 Metaspace       used 12880K, committed 13376K, reserved 1114112K
  class space    used 1366K, committed 1600K, reserved 1048576K
}
Event: 2.299 GC heap before
{Heap before GC invocations=4 (full 0):
 PSYoungGen      total 29696K, used 29682K [0x00000000d5580000, 0x00000000d7680000, 0x0000000100000000)
  eden space 25600K, 100% used [0x00000000d5580000,0x00000000d6e80000,0x00000000d6e80000)
  from space 4096K, 99% used [0x00000000d6e80000,0x00000000d727c880,0x00000000d7280000)
  to   space 4096K, 0% used [0x00000000d7280000,0x00000000d7280000,0x00000000d7680000)
 ParOldGen       total 68608K, used 2764K [0x0000000080000000, 0x0000000084300000, 0x00000000d5580000)
  object space 68608K, 4% used [0x0000000080000000,0x00000000802b3338,0x0000000084300000)
 Metaspace       used 16612K, committed 17280K, reserved 1114112K
  class space    used 1749K, committed 2048K, reserved 1048576K
}
Event: 2.306 GC heap after
{Heap after GC invocations=4 (full 0):
 PSYoungGen      total 29696K, used 4079K [0x00000000d5580000, 0x00000000d7680000, 0x0000000100000000)
  eden space 25600K, 0% used [0x00000000d5580000,0x00000000d5580000,0x00000000d6e80000)
  from space 4096K, 99% used [0x00000000d7280000,0x00000000d767bf10,0x00000000d7680000)
  to   space 4096K, 0% used [0x00000000d6e80000,0x00000000d6e80000,0x00000000d7280000)
 ParOldGen       total 68608K, used 6242K [0x0000000080000000, 0x0000000084300000, 0x00000000d5580000)
  object space 68608K, 9% used [0x0000000080000000,0x0000000080618b00,0x0000000084300000)
 Metaspace       used 16612K, committed 17280K, reserved 1114112K
  class space    used 1749K, committed 2048K, reserved 1048576K
}

Dll operation events (10 events):
Event: 0.017 Loaded shared library c:\Users\Admin\.antigravity\extensions\redhat.java-1.54.0-win32-x64\jre\21.0.10-win32-x86_64\bin\java.dll
Event: 0.118 Loaded shared library c:\Users\Admin\.antigravity\extensions\redhat.java-1.54.0-win32-x64\jre\21.0.10-win32-x86_64\bin\zip.dll
Event: 0.148 Loaded shared library C:\Users\Admin\.antigravity\extensions\redhat.java-1.54.0-win32-x64\jre\21.0.10-win32-x86_64\bin\instrument.dll
Event: 0.174 Loaded shared library C:\Users\Admin\.antigravity\extensions\redhat.java-1.54.0-win32-x64\jre\21.0.10-win32-x86_64\bin\net.dll
Event: 0.180 Loaded shared library C:\Users\Admin\.antigravity\extensions\redhat.java-1.54.0-win32-x64\jre\21.0.10-win32-x86_64\bin\nio.dll
Event: 0.184 Loaded shared library C:\Users\Admin\.antigravity\extensions\redhat.java-1.54.0-win32-x64\jre\21.0.10-win32-x86_64\bin\zip.dll
Event: 0.206 Loaded shared library C:\Users\Admin\.antigravity\extensions\redhat.java-1.54.0-win32-x64\jre\21.0.10-win32-x86_64\bin\jimage.dll
Event: 0.289 Loaded shared library c:\Users\Admin\.antigravity\extensions\redhat.java-1.54.0-win32-x64\jre\21.0.10-win32-x86_64\bin\verify.dll
Event: 1.276 Loaded shared library C:\Users\Admin\AppData\Roaming\Antigravity\User\globalStorage\redhat.java\1.54.0\config_ss_win\org.eclipse.equinox.launcher\org.eclipse.equinox.launcher.win32.win32.x86_64_1.3.0.v20260203-2149\eclipse_11919.dll
Event: 2.068 Loaded shared library C:\Users\Admin\AppData\Local\Temp\jna-63116079\jna2607946221118404888.dll

Deoptimization events (20 events):
Event: 1.895 Thread 0x00000277125fd9d0 Uncommon trap: trap_request=0xffffff45 fr.pc=0x000002771d2ac2ec relative=0x000000000000004c
Event: 1.895 Thread 0x00000277125fd9d0 Uncommon trap: reason=unstable_if action=reinterpret pc=0x000002771d2ac2ec method=sun.nio.fs.WindowsPathParser.isSlash(C)Z @ 9 c2
Event: 1.895 Thread 0x00000277125fd9d0 DEOPT PACKING pc=0x000002771d2ac2ec sp=0x000000e98a7f90a0
Event: 1.895 Thread 0x00000277125fd9d0 DEOPT UNPACKING pc=0x000002771ccc3aa2 sp=0x000000e98a7f9028 mode 2
Event: 1.905 Thread 0x00000277125fd9d0 Uncommon trap: trap_request=0xffffff45 fr.pc=0x000002771d2f17f4 relative=0x00000000000000d4
Event: 1.905 Thread 0x00000277125fd9d0 Uncommon trap: reason=unstable_if action=reinterpret pc=0x000002771d2f17f4 method=org.eclipse.core.runtime.Path.equals(Ljava/lang/Object;)Z @ 61 c2
Event: 1.905 Thread 0x00000277125fd9d0 DEOPT PACKING pc=0x000002771d2f17f4 sp=0x000000e98a7f9530
Event: 1.905 Thread 0x00000277125fd9d0 DEOPT UNPACKING pc=0x000002771ccc3aa2 sp=0x000000e98a7f94a8 mode 2
Event: 1.919 Thread 0x00000277125fd9d0 Uncommon trap: trap_request=0xffffff45 fr.pc=0x000002771d28fda4 relative=0x0000000000000464
Event: 1.919 Thread 0x00000277125fd9d0 Uncommon trap: reason=unstable_if action=reinterpret pc=0x000002771d28fda4 method=java.io.BufferedInputStream.implRead([BII)I @ 55 c2
Event: 1.919 Thread 0x00000277125fd9d0 DEOPT PACKING pc=0x000002771d28fda4 sp=0x000000e98a7f8f50
Event: 1.919 Thread 0x00000277125fd9d0 DEOPT UNPACKING pc=0x000002771ccc3aa2 sp=0x000000e98a7f8f28 mode 2
Event: 1.944 Thread 0x00000277125fd9d0 Uncommon trap: trap_request=0xffffff45 fr.pc=0x000002771d246310 relative=0x0000000000000670
Event: 1.945 Thread 0x00000277125fd9d0 Uncommon trap: reason=unstable_if action=reinterpret pc=0x000002771d246310 method=java.lang.String.replace(Ljava/lang/CharSequence;Ljava/lang/CharSequence;)Ljava/lang/String; @ 42 c2
Event: 1.945 Thread 0x00000277125fd9d0 DEOPT PACKING pc=0x000002771d246310 sp=0x000000e98a7f7810
Event: 1.945 Thread 0x00000277125fd9d0 DEOPT UNPACKING pc=0x000002771ccc3aa2 sp=0x000000e98a7f7790 mode 2
Event: 2.116 Thread 0x00000277125fd9d0 Uncommon trap: trap_request=0xffffffcc fr.pc=0x000002771d2f1efc relative=0x000000000000033c
Event: 2.116 Thread 0x00000277125fd9d0 Uncommon trap: reason=intrinsic_or_type_checked_inlining action=make_not_entrant pc=0x000002771d2f1efc method=java.util.Arrays.copyOf([Ljava/lang/Object;ILjava/lang/Class;)[Ljava/lang/Object; @ 35 c2
Event: 2.116 Thread 0x00000277125fd9d0 DEOPT PACKING pc=0x000002771d2f1efc sp=0x000000e98a7f9350
Event: 2.116 Thread 0x00000277125fd9d0 DEOPT UNPACKING pc=0x000002771ccc3aa2 sp=0x000000e98a7f92e0 mode 2

Classes loaded (20 events):
Event: 2.315 Loading class java/io/StringReader
Event: 2.315 Loading class java/io/StringReader done
Event: 2.325 Loading class java/util/zip/GZIPInputStream
Event: 2.327 Loading class java/util/zip/GZIPInputStream done
Event: 2.336 Loading class java/net/SocketTimeoutException
Event: 2.336 Loading class java/io/InterruptedIOException
Event: 2.336 Loading class java/io/InterruptedIOException done
Event: 2.336 Loading class java/net/SocketTimeoutException done
Event: 2.336 Loading class java/net/SocketException
Event: 2.336 Loading class java/net/SocketException done
Event: 2.336 Loading class java/net/UnknownHostException
Event: 2.336 Loading class java/net/UnknownHostException done
Event: 2.336 Loading class java/net/ProtocolException
Event: 2.336 Loading class java/net/ProtocolException done
Event: 2.366 Loading class java/lang/ThreadLocal$SuppliedThreadLocal
Event: 2.367 Loading class java/lang/ThreadLocal$SuppliedThreadLocal done
Event: 2.383 Loading class java/io/FileWriter
Event: 2.383 Loading class java/io/FileWriter done
Event: 2.383 Loading class java/lang/NegativeArraySizeException
Event: 2.383 Loading class java/lang/NegativeArraySizeException done

Classes unloaded (0 events):
No events

Classes redefined (0 events):
No events

Internal exceptions (20 events):
Event: 2.087 Thread 0x00000277125fd9d0 Exception <a 'java/lang/NoSuchMethodError'{0x00000000d66178a8}: 'void java.lang.invoke.DirectMethodHandle$Holder.invokeSpecial(java.lang.Object, java.lang.Object, java.lang.Object, int)'> (0x00000000d66178a8) 
thrown [s\src\hotspot\share\interpreter\linkResolver.cpp, line 773]
Event: 2.087 Thread 0x00000277125fd9d0 Exception <a 'java/lang/NoSuchMethodError'{0x00000000d661b238}: 'void java.lang.invoke.DelegatingMethodHandle$Holder.reinvoke_L(java.lang.Object, java.lang.Object, int)'> (0x00000000d661b238) 
thrown [s\src\hotspot\share\interpreter\linkResolver.cpp, line 773]
Event: 2.088 Thread 0x00000277125fd9d0 Exception <a 'java/lang/NoSuchMethodError'{0x00000000d6621f20}: 'int java.lang.invoke.Invokers$Holder.invokeExact_MT(java.lang.Object, java.lang.Object, java.lang.Object)'> (0x00000000d6621f20) 
thrown [s\src\hotspot\share\interpreter\linkResolver.cpp, line 773]
Event: 2.106 Thread 0x00000277125fd9d0 Exception <a 'java/lang/NoSuchMethodError'{0x00000000d672f258}: 'void java.lang.invoke.Invokers$Holder.invokeExact_MT(java.lang.Object, java.lang.Object, int, java.lang.Object)'> (0x00000000d672f258) 
thrown [s\src\hotspot\share\interpreter\linkResolver.cpp, line 773]
Event: 2.126 Thread 0x00000277125fd9d0 Exception <a 'java/lang/NoSuchMethodError'{0x00000000d681c430}: 'java.lang.Object java.lang.invoke.DirectMethodHandle$Holder.invokeSpecial(java.lang.Object, java.lang.Object, java.lang.Object, long, java.lang.Object)'> (0x00000000d681c430) 
thrown [s\src\hotspot\share\interpreter\linkResolver.cpp, line 773]
Event: 2.127 Thread 0x00000277125fd9d0 Exception <a 'java/lang/NoSuchMethodError'{0x00000000d6823c78}: 'java.lang.Object java.lang.invoke.DirectMethodHandle$Holder.newInvokeSpecial(java.lang.Object, java.lang.Object, java.lang.Object, long)'> (0x00000000d6823c78) 
thrown [s\src\hotspot\share\interpreter\linkResolver.cpp, line 773]
Event: 2.127 Thread 0x00000277125fd9d0 Exception <a 'java/lang/NoSuchMethodError'{0x00000000d6828028}: 'java.lang.Object java.lang.invoke.DirectMethodHandle$Holder.invokeSpecial(java.lang.Object, java.lang.Object, java.lang.Object, java.lang.Object, long)'> (0x00000000d6828028) 
thrown [s\src\hotspot\share\interpreter\linkResolver.cpp, line 773]
Event: 2.128 Thread 0x00000277125fd9d0 Exception <a 'java/lang/NoSuchMethodError'{0x00000000d682bc48}: 'java.lang.Object java.lang.invoke.Invokers$Holder.linkToTargetMethod(java.lang.Object, java.lang.Object, long, java.lang.Object)'> (0x00000000d682bc48) 
thrown [s\src\hotspot\share\interpreter\linkResolver.cpp, line 773]
Event: 2.137 Thread 0x00000277125fd9d0 Exception <a 'java/lang/NoSuchMethodError'{0x00000000d689dba8}: 'int java.lang.invoke.DirectMethodHandle$Holder.invokeStaticInit(java.lang.Object, java.lang.Object, java.lang.Object)'> (0x00000000d689dba8) 
thrown [s\src\hotspot\share\interpreter\linkResolver.cpp, line 773]
Event: 2.146 Thread 0x00000277125fd9d0 Exception <a 'java/lang/IncompatibleClassChangeError'{0x00000000d692d168}: Found class java.lang.Object, but interface was expected> (0x00000000d692d168) 
thrown [s\src\hotspot\share\interpreter\linkResolver.cpp, line 840]
Event: 2.151 Thread 0x00000277125fd9d0 Exception <a 'java/lang/NoSuchMethodError'{0x00000000d69434f8}: 'java.lang.Object java.lang.invoke.DirectMethodHandle$Holder.invokeSpecial(java.lang.Object, java.lang.Object, java.lang.Object, int, java.lang.Object, java.lang.Object)'> (0x00000000d69434f8) 
thrown [s\src\hotspot\share\interpreter\linkResolver.cpp, line 773]
Event: 2.152 Thread 0x00000277125fd9d0 Exception <a 'java/lang/NoSuchMethodError'{0x00000000d694afd0}: 'java.lang.Object java.lang.invoke.DirectMethodHandle$Holder.newInvokeSpecial(java.lang.Object, java.lang.Object, java.lang.Object, int, java.lang.Object)'> (0x00000000d694afd0) 
thrown [s\src\hotspot\share\interpreter\linkResolver.cpp, line 773]
Event: 2.152 Thread 0x00000277125fd9d0 Exception <a 'java/lang/NoSuchMethodError'{0x00000000d694ef50}: 'java.lang.Object java.lang.invoke.DirectMethodHandle$Holder.invokeSpecial(java.lang.Object, java.lang.Object, java.lang.Object, java.lang.Object, int, java.lang.Object)'> (0x00000000d694ef50) 
thrown [s\src\hotspot\share\interpreter\linkResolver.cpp, line 773]
Event: 2.153 Thread 0x00000277125fd9d0 Exception <a 'java/lang/NoSuchMethodError'{0x00000000d6952a90}: 'java.lang.Object java.lang.invoke.Invokers$Holder.linkToTargetMethod(java.lang.Object, java.lang.Object, int, java.lang.Object, java.lang.Object)'> (0x00000000d6952a90) 
thrown [s\src\hotspot\share\interpreter\linkResolver.cpp, line 773]
Event: 2.153 Thread 0x00000277711615a0 Exception <a 'java/lang/NoSuchMethodError'{0x00000000d6867aa8}: 'java.lang.Object java.lang.invoke.DirectMethodHandle$Holder.invokeSpecial(java.lang.Object, java.lang.Object, int, java.lang.Object, java.lang.Object)'> (0x00000000d6867aa8) 
thrown [s\src\hotspot\share\interpreter\linkResolver.cpp, line 773]
Event: 2.155 Thread 0x00000277711615a0 Exception <a 'java/lang/NoSuchMethodError'{0x00000000d686e7e0}: 'java.lang.Object java.lang.invoke.DirectMethodHandle$Holder.newInvokeSpecial(java.lang.Object, java.lang.Object, int, java.lang.Object)'> (0x00000000d686e7e0) 
thrown [s\src\hotspot\share\interpreter\linkResolver.cpp, line 773]
Event: 2.155 Thread 0x00000277711615a0 Exception <a 'java/lang/NoSuchMethodError'{0x00000000d68720c0}: 'java.lang.Object java.lang.invoke.DirectMethodHandle$Holder.invokeSpecial(java.lang.Object, java.lang.Object, java.lang.Object, int, java.lang.Object)'> (0x00000000d68720c0) 
thrown [s\src\hotspot\share\interpreter\linkResolver.cpp, line 773]
Event: 2.184 Thread 0x00000277125fd9d0 Exception <a 'java/lang/NoSuchMethodError'{0x00000000d6a71250}: 'void java.lang.invoke.DirectMethodHandle$Holder.invokeSpecial(java.lang.Object, java.lang.Object, java.lang.Object, java.lang.Object, java.lang.Object)'> (0x00000000d6a71250) 
thrown [s\src\hotspot\share\interpreter\linkResolver.cpp, line 773]
Event: 2.255 Thread 0x00000277125fd9d0 Exception <a 'java/lang/NoSuchMethodError'{0x00000000d6c7b8a8}: 'double java.lang.invoke.DirectMethodHandle$Holder.invokeStatic(java.lang.Object, java.lang.Object)'> (0x00000000d6c7b8a8) 
thrown [s\src\hotspot\share\interpreter\linkResolver.cpp, line 773]
Event: 2.256 Thread 0x00000277125fd9d0 Exception <a 'java/lang/NoSuchMethodError'{0x00000000d6c7ef68}: 'double java.lang.invoke.DirectMethodHandle$Holder.invokeStaticInit(java.lang.Object, java.lang.Object)'> (0x00000000d6c7ef68) 
thrown [s\src\hotspot\share\interpreter\linkResolver.cpp, line 773]

ZGC Phase Switch (0 events):
No events

VM Operations (20 events):
Event: 1.161 Executing non-safepoint VM operation: HandshakeAllThreads (Deoptimize)
Event: 1.161 Executing non-safepoint VM operation: HandshakeAllThreads (Deoptimize) done
Event: 1.283 Executing safepoint VM operation: ParallelGCFailedAllocation (Allocation Failure)
Event: 1.287 Executing safepoint VM operation: ParallelGCFailedAllocation (Allocation Failure) done
Event: 1.394 Executing non-safepoint VM operation: HandshakeAllThreads (Deoptimize)
Event: 1.394 Executing non-safepoint VM operation: HandshakeAllThreads (Deoptimize) done
Event: 1.596 Executing non-safepoint VM operation: HandshakeAllThreads (Deoptimize)
Event: 1.596 Executing non-safepoint VM operation: HandshakeAllThreads (Deoptimize) done
Event: 1.701 Executing safepoint VM operation: ParallelGCFailedAllocation (Allocation Failure)
Event: 1.704 Executing safepoint VM operation: ParallelGCFailedAllocation (Allocation Failure) done
Event: 1.769 Executing non-safepoint VM operation: HandshakeAllThreads (Deoptimize)
Event: 1.769 Executing non-safepoint VM operation: HandshakeAllThreads (Deoptimize) done
Event: 1.773 Executing non-safepoint VM operation: HandshakeAllThreads (Deoptimize)
Event: 1.773 Executing non-safepoint VM operation: HandshakeAllThreads (Deoptimize) done
Event: 1.789 Executing non-safepoint VM operation: HandshakeAllThreads (Deoptimize)
Event: 1.789 Executing non-safepoint VM operation: HandshakeAllThreads (Deoptimize) done
Event: 2.075 Executing non-safepoint VM operation: HandshakeAllThreads (Deoptimize)
Event: 2.075 Executing non-safepoint VM operation: HandshakeAllThreads (Deoptimize) done
Event: 2.299 Executing safepoint VM operation: ParallelGCFailedAllocation (Allocation Failure)
Event: 2.306 Executing safepoint VM operation: ParallelGCFailedAllocation (Allocation Failure) done

Memory protections (0 events):
No events

Nmethod flushes (0 events):
No events

Events (19 events):
Event: 0.040 Thread 0x000002771253cd20 Thread added: 0x000002771253cd20
Event: 0.057 Thread 0x000002771253cd20 Thread added: 0x00000277125e4f50
Event: 0.057 Thread 0x000002771253cd20 Thread added: 0x00000277124eb0c0
Event: 0.057 Thread 0x000002771253cd20 Thread added: 0x00000277125e7130
Event: 0.058 Thread 0x000002771253cd20 Thread added: 0x00000277125e8050
Event: 0.058 Thread 0x000002771253cd20 Thread added: 0x00000277125ea9d0
Event: 0.058 Thread 0x000002771253cd20 Thread added: 0x00000277125fabe0
Event: 0.058 Thread 0x000002771253cd20 Thread added: 0x00000277125fe840
Event: 0.058 Thread 0x000002771253cd20 Thread added: 0x000002776b342eb0
Event: 0.152 Thread 0x000002771253cd20 Thread added: 0x00000277125fb900
Event: 0.403 Thread 0x000002771253cd20 Thread added: 0x00000277125fc620
Event: 1.105 Thread 0x000002771253cd20 Thread added: 0x00000277125fbf90
Event: 1.267 Thread 0x000002771253cd20 Thread added: 0x00000277125fccb0
Event: 1.270 Thread 0x000002771253cd20 Thread added: 0x00000277125fd9d0
Event: 1.385 Thread 0x00000277125fd9d0 Thread added: 0x00000277125fd340
Event: 1.629 Thread 0x00000277125fd9d0 Thread added: 0x00000277125fb270
Event: 2.095 Thread 0x00000277125fd9d0 Thread added: 0x0000027771160880
Event: 2.132 Thread 0x00000277125fd9d0 Thread added: 0x00000277711615a0
Event: 2.154 Thread 0x00000277125fd9d0 Thread added: 0x000002777115da90


Dynamic libraries:
0x00007ff60f4a0000 - 0x00007ff60f4ae000 	c:\Users\Admin\.antigravity\extensions\redhat.java-1.54.0-win32-x64\jre\21.0.10-win32-x86_64\bin\java.exe
0x00007ff93b910000 - 0x00007ff93bb28000 	C:\Windows\SYSTEM32\ntdll.dll
0x00007ff93a6d0000 - 0x00007ff93a794000 	C:\Windows\System32\KERNEL32.DLL
0x00007ff938a20000 - 0x00007ff938df3000 	C:\Windows\System32\KERNELBASE.dll
0x00007ff939490000 - 0x00007ff9395a1000 	C:\Windows\System32\ucrtbase.dll
0x00007ff90e4a0000 - 0x00007ff90e4b8000 	c:\Users\Admin\.antigravity\extensions\redhat.java-1.54.0-win32-x64\jre\21.0.10-win32-x86_64\bin\jli.dll
0x00007ff93afd0000 - 0x00007ff93b182000 	C:\Windows\System32\USER32.dll
0x00007ff9391d0000 - 0x00007ff9391f6000 	C:\Windows\System32\win32u.dll
0x00007ff939690000 - 0x00007ff9396b9000 	C:\Windows\System32\GDI32.dll
0x00007ff938f70000 - 0x00007ff93908b000 	C:\Windows\System32\gdi32full.dll
0x00007ff9392b0000 - 0x00007ff93934a000 	C:\Windows\System32\msvcp_win.dll
0x00007ff903ee0000 - 0x00007ff903efe000 	c:\Users\Admin\.antigravity\extensions\redhat.java-1.54.0-win32-x64\jre\21.0.10-win32-x86_64\bin\VCRUNTIME140.dll
0x00007ff925e80000 - 0x00007ff92611c000 	C:\Windows\WinSxS\amd64_microsoft.windows.common-controls_6595b64144ccf1df_6.0.22621.6060_none_2712eda17382d24b\COMCTL32.dll
0x00007ff9396c0000 - 0x00007ff939767000 	C:\Windows\System32\msvcrt.dll
0x00007ff93a7a0000 - 0x00007ff93a7d1000 	C:\Windows\System32\IMM32.DLL
0x00007ff928e20000 - 0x00007ff928e2c000 	c:\Users\Admin\.antigravity\extensions\redhat.java-1.54.0-win32-x64\jre\21.0.10-win32-x86_64\bin\vcruntime140_1.dll
0x00007ff8eb7d0000 - 0x00007ff8eb85d000 	c:\Users\Admin\.antigravity\extensions\redhat.java-1.54.0-win32-x64\jre\21.0.10-win32-x86_64\bin\msvcp140.dll
0x00007ff8969b0000 - 0x00007ff897751000 	c:\Users\Admin\.antigravity\extensions\redhat.java-1.54.0-win32-x64\jre\21.0.10-win32-x86_64\bin\server\jvm.dll
0x00007ff93b810000 - 0x00007ff93b8c1000 	C:\Windows\System32\ADVAPI32.dll
0x00007ff93a810000 - 0x00007ff93a8b8000 	C:\Windows\System32\sechost.dll
0x00007ff939280000 - 0x00007ff9392a8000 	C:\Windows\System32\bcrypt.dll
0x00007ff93adb0000 - 0x00007ff93aec8000 	C:\Windows\System32\RPCRT4.dll
0x00007ff93b630000 - 0x00007ff93b6a1000 	C:\Windows\System32\WS2_32.dll
0x00007ff9388f0000 - 0x00007ff93893d000 	C:\Windows\SYSTEM32\POWRPROF.dll
0x00007ff9332f0000 - 0x00007ff933324000 	C:\Windows\SYSTEM32\WINMM.dll
0x00007ff930730000 - 0x00007ff93073a000 	C:\Windows\SYSTEM32\VERSION.dll
0x00007ff9388d0000 - 0x00007ff9388e3000 	C:\Windows\SYSTEM32\UMPDC.dll
0x00007ff9379d0000 - 0x00007ff9379e8000 	C:\Windows\SYSTEM32\kernel.appcore.dll
0x00007ff91e360000 - 0x00007ff91e36a000 	c:\Users\Admin\.antigravity\extensions\redhat.java-1.54.0-win32-x64\jre\21.0.10-win32-x86_64\bin\jimage.dll
0x00007ff92c470000 - 0x00007ff92c6a3000 	C:\Windows\SYSTEM32\DBGHELP.DLL
0x00007ff939920000 - 0x00007ff939cb1000 	C:\Windows\System32\combase.dll
0x00007ff93acd0000 - 0x00007ff93ada8000 	C:\Windows\System32\OLEAUT32.dll
0x00007ff92bd70000 - 0x00007ff92bda2000 	C:\Windows\SYSTEM32\dbgcore.DLL
0x00007ff939350000 - 0x00007ff9393cb000 	C:\Windows\System32\bcryptPrimitives.dll
0x00007ff91d080000 - 0x00007ff91d08f000 	c:\Users\Admin\.antigravity\extensions\redhat.java-1.54.0-win32-x64\jre\21.0.10-win32-x86_64\bin\instrument.dll
0x00007ff903cf0000 - 0x00007ff903d10000 	c:\Users\Admin\.antigravity\extensions\redhat.java-1.54.0-win32-x64\jre\21.0.10-win32-x86_64\bin\java.dll
0x00007ff939cc0000 - 0x00007ff93a55c000 	C:\Windows\System32\SHELL32.dll
0x00007ff939090000 - 0x00007ff9391cf000 	C:\Windows\System32\wintypes.dll
0x00007ff9368d0000 - 0x00007ff9371ea000 	C:\Windows\SYSTEM32\windows.storage.dll
0x00007ff93abc0000 - 0x00007ff93acc4000 	C:\Windows\System32\SHCORE.dll
0x00007ff93aed0000 - 0x00007ff93af39000 	C:\Windows\System32\shlwapi.dll
0x00007ff938950000 - 0x00007ff938975000 	C:\Windows\SYSTEM32\profapi.dll
0x00007ff903c90000 - 0x00007ff903ca8000 	c:\Users\Admin\.antigravity\extensions\redhat.java-1.54.0-win32-x64\jre\21.0.10-win32-x86_64\bin\zip.dll
0x00007ff90e490000 - 0x00007ff90e4a0000 	C:\Users\Admin\.antigravity\extensions\redhat.java-1.54.0-win32-x64\jre\21.0.10-win32-x86_64\bin\net.dll
0x00007ff934cd0000 - 0x00007ff934dfc000 	C:\Windows\SYSTEM32\WINHTTP.dll
0x00007ff937ee0000 - 0x00007ff937f49000 	C:\Windows\system32\mswsock.dll
0x00007ff903c70000 - 0x00007ff903c86000 	C:\Users\Admin\.antigravity\extensions\redhat.java-1.54.0-win32-x64\jre\21.0.10-win32-x86_64\bin\nio.dll
0x00007ff90d5d0000 - 0x00007ff90d5e0000 	c:\Users\Admin\.antigravity\extensions\redhat.java-1.54.0-win32-x64\jre\21.0.10-win32-x86_64\bin\verify.dll
0x00007ff8eb440000 - 0x00007ff8eb485000 	C:\Users\Admin\AppData\Roaming\Antigravity\User\globalStorage\redhat.java\1.54.0\config_ss_win\org.eclipse.equinox.launcher\org.eclipse.equinox.launcher.win32.win32.x86_64_1.3.0.v20260203-2149\eclipse_11919.dll
0x00007ff939770000 - 0x00007ff939911000 	C:\Windows\System32\ole32.dll
0x00007ff938140000 - 0x00007ff93815b000 	C:\Windows\SYSTEM32\CRYPTSP.dll
0x00007ff937930000 - 0x00007ff937967000 	C:\Windows\system32\rsaenh.dll
0x00007ff937fd0000 - 0x00007ff937ff8000 	C:\Windows\SYSTEM32\USERENV.dll
0x00007ff938130000 - 0x00007ff93813c000 	C:\Windows\SYSTEM32\CRYPTBASE.dll
0x00007ff937440000 - 0x00007ff93746d000 	C:\Windows\SYSTEM32\IPHLPAPI.DLL
0x00007ff93a800000 - 0x00007ff93a809000 	C:\Windows\System32\NSI.dll
0x00007ff8eb130000 - 0x00007ff8eb179000 	C:\Users\Admin\AppData\Local\Temp\jna-63116079\jna2607946221118404888.dll
0x00007ff93a9e0000 - 0x00007ff93a9e8000 	C:\Windows\System32\PSAPI.DLL

JVMTI agents:
c:\Users\Admin\.antigravity\extensions\redhat.java-1.54.0-win32-x64\lombok\lombok-1.18.39-4050.jar path:c:\Users\Admin\.antigravity\extensions\redhat.java-1.54.0-win32-x64\jre\21.0.10-win32-x86_64\bin\instrument.dll, loaded, initialized, instrumentlib options:none

dbghelp: loaded successfully - version: 4.0.5 - missing functions: none
symbol engine: initialized successfully - sym options: 0x614 - pdb path: .;c:\Users\Admin\.antigravity\extensions\redhat.java-1.54.0-win32-x64\jre\21.0.10-win32-x86_64\bin;C:\Windows\SYSTEM32;C:\Windows\WinSxS\amd64_microsoft.windows.common-controls_6595b64144ccf1df_6.0.22621.6060_none_2712eda17382d24b;c:\Users\Admin\.antigravity\extensions\redhat.java-1.54.0-win32-x64\jre\21.0.10-win32-x86_64\bin\server;C:\Users\Admin\AppData\Roaming\Antigravity\User\globalStorage\redhat.java\1.54.0\config_ss_win\org.eclipse.equinox.launcher\org.eclipse.equinox.launcher.win32.win32.x86_64_1.3.0.v20260203-2149;C:\Users\Admin\AppData\Local\Temp\jna-63116079

VM Arguments:
jvm_args: --add-modules=ALL-SYSTEM --add-opens=java.base/java.util=ALL-UNNAMED --add-opens=java.base/java.lang=ALL-UNNAMED --add-opens=java.base/sun.nio.fs=ALL-UNNAMED -Declipse.application=org.eclipse.jdt.ls.core.id1 -Dosgi.bundles.defaultStartLevel=4 -Declipse.product=org.eclipse.jdt.ls.core.product -Djava.import.generatesMetadataFilesAtProjectRoot=false -DDetectVMInstallationsJob.disabled=true -Dfile.encoding=utf8 -XX:+UseParallelGC -XX:GCTimeRatio=4 -XX:AdaptiveSizePolicyWeight=90 -Dsun.zip.disableMemoryMapping=true -Xmx2G -Xms100m -Xlog:disable -javaagent:c:\Users\Admin\.antigravity\extensions\redhat.java-1.54.0-win32-x64\lombok\lombok-1.18.39-4050.jar 
java_command: c:\Users\Admin\.antigravity\extensions\redhat.java-1.54.0-win32-x64\server\plugins\org.eclipse.equinox.launcher_1.7.100.v20251111-0406.jar -configuration c:\Users\Admin\AppData\Roaming\Antigravity\User\globalStorage\redhat.java\1.54.0\config_ss_win -data c:\Users\Admin\AppData\Roaming\Antigravity\User\workspaceStorage\458aae83574d7037a556d7725c321ec6\redhat.java\ss_ws --pipe=\\.\pipe\lsp-f85534469ff01adfc2470cbf5635248f-sock
java_class_path (initial): c:\Users\Admin\.antigravity\extensions\redhat.java-1.54.0-win32-x64\server\plugins\org.eclipse.equinox.launcher_1.7.100.v20251111-0406.jar
Launcher Type: SUN_STANDARD

[Global flags]
    uintx AdaptiveSizePolicyWeight                 = 90                                        {product} {command line}
     intx CICompilerCount                          = 4                                         {product} {ergonomic}
    uintx GCTimeRatio                              = 4                                         {product} {command line}
   size_t InitialHeapSize                          = 104857600                                 {product} {command line}
   size_t MaxHeapSize                              = 2147483648                                {product} {command line}
   size_t MaxNewSize                               = 715653120                                 {product} {ergonomic}
   size_t MinHeapDeltaBytes                        = 524288                                    {product} {ergonomic}
   size_t MinHeapSize                              = 104857600                                 {product} {command line}
   size_t NewSize                                  = 34603008                                  {product} {ergonomic}
    uintx NonNMethodCodeHeapSize                   = 5839372                                {pd product} {ergonomic}
    uintx NonProfiledCodeHeapSize                  = 122909434                              {pd product} {ergonomic}
   size_t OldSize                                  = 70254592                                  {product} {ergonomic}
    uintx ProfiledCodeHeapSize                     = 122909434                              {pd product} {ergonomic}
    uintx ReservedCodeCacheSize                    = 251658240                              {pd product} {ergonomic}
     bool SegmentedCodeCache                       = true                                      {product} {ergonomic}
   size_t SoftMaxHeapSize                          = 2147483648                             {manageable} {ergonomic}
     bool UseCompressedOops                        = true                           {product lp64_product} {ergonomic}
     bool UseLargePagesIndividualAllocation        = false                                  {pd product} {ergonomic}
     bool UseParallelGC                            = true                                      {product} {command line}

Logging:
Log output configuration:
 #0: stdout all=off uptime,level,tags foldmultilines=false
 #1: stderr all=off uptime,level,tags foldmultilines=false

Release file:
JAVA_VERSION="21.0.10" 
MODULES="java.base java.compiler java.datatransfer java.xml java.prefs java.desktop java.instrument java.logging java.management java.security.sasl java.naming java.rmi java.management.rmi java.net.http java.scripting java.security.jgss java.transaction.xa java.sql java.sql.rowset java.xml.crypto java.se java.smartcardio jdk.accessibility jdk.internal.jvmstat jdk.attach jdk.charsets jdk.internal.opt jdk.zipfs jdk.compiler jdk.crypto.ec jdk.crypto.cryptoki jdk.crypto.mscapi jdk.dynalink jdk.internal.ed jdk.editpad jdk.hotspot.agent jdk.httpserver jdk.internal.le jdk.internal.vm.ci jdk.internal.vm.compiler jdk.internal.vm.compiler.management jdk.jartool jdk.javadoc jdk.jcmd jdk.management jdk.management.agent jdk.jconsole jdk.jdeps jdk.jdwp.agent jdk.jdi jdk.jfr jdk.jshell jdk.jsobject jdk.jstatd jdk.localedata jdk.management.jfr jdk.naming.dns jdk.naming.rmi jdk.net jdk.nio.mapmode jdk.random jdk.sctp jdk.security.auth jdk.security.jgss jdk.unsupported jdk.unsupported.desktop jdk.xml.dom" 

Environment Variables:
JAVA_HOME=D:\OS\dowload easy\Java JDK\jdk-17.0.11
PATH=C:\Windows\system32;C:\Windows;C:\Windows\System32\Wbem;C:\Windows\System32\WindowsPowerShell\v1.0\;C:\Windows\System32\OpenSSH\;C:\Program Files\Git\cmd;D:\OS\dowload easy\Java JDK\jdk-17.0.11\bin;D:\OS\dowload easy\apache-maven-3.8.5\bin;C:\Users\Admin\AppData\Local\nvm;C:\nvm4w\nodejs;C:\Program Files\Docker\Docker\resources\bin;C:\Program Files\MySQL\MySQL Shell 8.0\bin\;C:\Users\Admin\.local\bin;C:\Users\Admin\AppData\Local\Microsoft\WindowsApps;C:\Program Files\JetBrains\DataGrip 2025.3.5\bin;C:\Users\Admin\AppData\Local\Programs\Microsoft VS Code\bin;C:\Users\Admin\AppData\Local\GitHubDesktop\bin;C:\Users\Admin\AppData\Local\nvm;C:\nvm4w\nodejs;C:\Users\Admin\AppData\Local\Python\bin;D:\Data\Antigravity\bin
USERNAME=Admin
OS=Windows_NT
PROCESSOR_IDENTIFIER=AMD64 Family 25 Model 80 Stepping 0, AuthenticAMD
TMP=C:\Users\Admin\AppData\Local\Temp
TEMP=C:\Users\Admin\AppData\Local\Temp




Periodic native trim disabled

---------------  S Y S T E M  ---------------

OS:
 Windows 11 , 64 bit Build 22621 (10.0.22621.5415)
OS uptime: 0 days 0:15 hours
Hyper-V role detected

CPU: total 12 (initial active 12) (12 cores per cpu, 2 threads per core) family 25 model 80 stepping 0 microcode 0x0, cx8, cmov, fxsr, ht, mmx, 3dnowpref, sse, sse2, sse3, ssse3, sse4a, sse4.1, sse4.2, popcnt, lzcnt, tsc, tscinvbit, avx, avx2, aes, erms, clmul, bmi1, bmi2, adx, sha, fma, vzeroupper, clflush, clflushopt, hv, rdtscp, rdpid, fsrm, f16c, cet_ss
Processor Information for the first 12 processors :
  Max Mhz: 3301, Current Mhz: 3301, Mhz Limit: 3301

Memory: 4k page, system-wide physical 15720M (554M free)
TotalPageFile size 32653M (AvailPageFile size 103M)
current process WorkingSet (physical memory assigned to process): 127M, peak: 132M
current process commit charge ("private bytes"): 272M, peak: 278M

vm_info: OpenJDK 64-Bit Server VM (21.0.10+7-LTS) for windows-amd64 JRE (21.0.10+7-LTS), built on 2026-01-20T00:00:00Z by "admin" with MS VC++ 17.12 (VS2022)

END.
